insert into `tdzt_model` (`code`, `type`, `name`, `pic`, `adv_pic`, `description`, `loss`, `process_fee`, `price`, `location`, `order_no`, `status`, `create_datetime`, `updater`, `update_datetime`, `remark`) values('MO201708161448405541','0','花花公子衬衫   短袖','499_1493949069841.jpg','2_1502863432270.jpg','<p><img src=\"http://opf6b9y6y.bkt.clouddn.com/2_1502863443876.jpg\" style=\"max-width:100%\"><br></p><p>定制——你的私人专属</p><p><img src=\"http://opf6b9y6y.bkt.clouddn.com/2_1502863443876.jpg\" style=\"max-width:100%\"><br></p><p>定制——你的私人专属</p><p><img src=\"http://opf6b9y6y.bkt.clouddn.com/2_1502863443876.jpg\" style=\"max-width:100%\"><br></p><p>定制——你的私人专属</p><p><img src=\"http://opf6b9y6y.bkt.clouddn.com/2_1502863443876.jpg\" style=\"max-width:100%\"><br></p><p>定制——你的私人专属</p>',NULL,'0','499000','1','2','1','2017-05-26 09:45:57','admin','2017-08-21 15:42:01','下架');
insert into `tdzt_model` (`code`, `type`, `name`, `pic`, `adv_pic`, `description`, `loss`, `process_fee`, `price`, `location`, `order_no`, `status`, `create_datetime`, `updater`, `update_datetime`, `remark`) values('MO201708211548546234','1','马甲','下载_1503301636446.jpg','下载_1503301632322.jpg','<p><img src=\"http://opf6b9y6y.bkt.clouddn.com/下载_1503301646052.jpg\" style=\"max-width:100%\"><br></p><p><br></p>','2','200000','0','1','6','1','2017-08-21 15:48:54','admin','2017-08-21 15:49:30','');

insert into `tdzt_cloth` (`code`, `type`, `brand`, `model_num`, `pic`, `adv_pic`, `color`, `flowers`, `form`, `weight`, `yarn`, `price`, `location`, `order_no`, `status`, `updater`, `update_datetime`, `remark`, `model_code`) values('BL00003','2','花花公子','YDP-PC20206','YDP-PC20206_1493951185945.jpg','YDP-PC20206_1493951185945.jpg','2','4','1','0','1','0','1','2','0','admin','2017-08-23 15:03:02','','MO201708161448405541');
insert into `tdzt_cloth` (`code`, `type`, `brand`, `model_num`, `pic`, `adv_pic`, `color`, `flowers`, `form`, `weight`, `yarn`, `price`, `location`, `order_no`, `status`, `updater`, `update_datetime`, `remark`, `model_code`) values('BL00004','2','花花公子','YDP-PC20203','YDP-PC20203_1493951205798.jpg','YDP-PC20203_1493951205798.jpg','3','1','1','0','1','0','1','2','0','admin','2017-08-23 15:03:21','','MO201708161448405541');
insert into `tdzt_cloth` (`code`, `type`, `brand`, `model_num`, `pic`, `adv_pic`, `color`, `flowers`, `form`, `weight`, `yarn`, `price`, `location`, `order_no`, `status`, `updater`, `update_datetime`, `remark`, `model_code`) values('BL00005','2','花花公子','YDP-PC20218','YDP-PC20218_1493951223626.jpg','YDP-PC20218_1493951223626.jpg','6','2','1','0','1','0','1','2','0','admin','2017-08-22 21:14:34','','MO201708161448405541');
insert into `tdzt_cloth` (`code`, `type`, `brand`, `model_num`, `pic`, `adv_pic`, `color`, `flowers`, `form`, `weight`, `yarn`, `price`, `location`, `order_no`, `status`, `updater`, `update_datetime`, `remark`, `model_code`) values('BL00006','2','花花公子','YPCD208776','YPCD208776_1493951242876.jpg','YPCD208776_1493951242876.jpg','2','2','2','0','1','0','1','2','0','admin','2017-08-21 16:10:03',NULL,'MO201708161448405541');
insert into `tdzt_cloth` (`code`, `type`, `brand`, `model_num`, `pic`, `adv_pic`, `color`, `flowers`, `form`, `weight`, `yarn`, `price`, `location`, `order_no`, `status`, `updater`, `update_datetime`, `remark`, `model_code`) values('BL00007','2','花花公子','YDP-PC20208','YDP-PC20208_1493951265431.jpg','YDP-PC20208_1493951265431.jpg','3','2','2','0','1','0','1','2','0','admin','2017-08-21 16:10:03',NULL,'MO201708161448405541');
insert into `tdzt_cloth` (`code`, `type`, `brand`, `model_num`, `pic`, `adv_pic`, `color`, `flowers`, `form`, `weight`, `yarn`, `price`, `location`, `order_no`, `status`, `updater`, `update_datetime`, `remark`, `model_code`) values('BL00008','2','花花公子','YDP-PC20220','YDP-PC20220_1493951308202.jpg','YDP-PC20220_1493951308202.jpg','4','2','2','0','1','0','1','2','0','admin','2017-08-21 16:10:03',NULL,'MO201708161448405541');
insert into `tdzt_cloth` (`code`, `type`, `brand`, `model_num`, `pic`, `adv_pic`, `color`, `flowers`, `form`, `weight`, `yarn`, `price`, `location`, `order_no`, `status`, `updater`, `update_datetime`, `remark`, `model_code`) values('BL00009','2','花花公子','YDP-PC20222','YDP-PC20222_1493951573841.jpg','YDP-PC20222_1493951573841.jpg','5','3','3','0','1','0','1','2','0','admin','2017-08-21 16:10:03',NULL,'MO201708161448405541');
insert into `tdzt_cloth` (`code`, `type`, `brand`, `model_num`, `pic`, `adv_pic`, `color`, `flowers`, `form`, `weight`, `yarn`, `price`, `location`, `order_no`, `status`, `updater`, `update_datetime`, `remark`, `model_code`) values('BL00010','2','花花公子','YDP-PC20223','DPF11008_1493951625093.jpg','DPF11008_1493951625093.jpg','6','3','3','0','1','0','1','2','0','admin','2017-08-21 16:10:03',NULL,'MO201708161448405541');
insert into `tdzt_cloth` (`code`, `type`, `brand`, `model_num`, `pic`, `adv_pic`, `color`, `flowers`, `form`, `weight`, `yarn`, `price`, `location`, `order_no`, `status`, `updater`, `update_datetime`, `remark`, `model_code`) values('BL00011','2','花花公子','YDP-PC20224','DPG1148_1493951645598.jpg','DPG1148_1493951645598.jpg','6','3','3','0','1','0','1','2','0','admin','2017-08-21 16:10:03',NULL,'MO201708161448405541');
insert into `tdzt_cloth` (`code`, `type`, `brand`, `model_num`, `pic`, `adv_pic`, `color`, `flowers`, `form`, `weight`, `yarn`, `price`, `location`, `order_no`, `status`, `updater`, `update_datetime`, `remark`, `model_code`) values('BL00012','2','花花公子','YDP-PC20225','YDP-PC20222_1493951670714.jpg','YDP-PC20222_1493951670714.jpg','7','3','4','1','1','0','1','2','0','admin','2017-08-21 16:10:03',NULL,'MO201708161448405541');
insert into `tdzt_cloth` (`code`, `type`, `brand`, `model_num`, `pic`, `adv_pic`, `color`, `flowers`, `form`, `weight`, `yarn`, `price`, `location`, `order_no`, `status`, `updater`, `update_datetime`, `remark`, `model_code`) values('BL00013','2','花花公子','YDP-PC20226','67040-1_1493951705744.jpg','67040-1_1493951705744.jpg','7','2','4','0','1','0','1','2','0','admin','2017-08-21 16:10:03',NULL,'MO201708161448405541');
insert into `tdzt_cloth` (`code`, `type`, `brand`, `model_num`, `pic`, `adv_pic`, `color`, `flowers`, `form`, `weight`, `yarn`, `price`, `location`, `order_no`, `status`, `updater`, `update_datetime`, `remark`, `model_code`) values('BL00014','2','花花公子','YDP-PC20227','LA17-TL-004_1493951723360.jpg','LA17-TL-004_1493951723360.jpg','7','2','4','0','1','0','1','2','0','admin','2017-08-21 16:10:03',NULL,'MO201708161448405541');
insert into `tdzt_cloth` (`code`, `type`, `brand`, `model_num`, `pic`, `adv_pic`, `color`, `flowers`, `form`, `weight`, `yarn`, `price`, `location`, `order_no`, `status`, `updater`, `update_datetime`, `remark`, `model_code`) values('BL00015','2','花花公子','YDP-PC20228','LA17-TL-008_1493951746084.jpg','LA17-TL-008_1493951746084.jpg','6','2','4','0','1','0','1','2','0','admin','2017-08-21 16:10:03',NULL,'MO201708161448405541');
insert into `tdzt_cloth` (`code`, `type`, `brand`, `model_num`, `pic`, `adv_pic`, `color`, `flowers`, `form`, `weight`, `yarn`, `price`, `location`, `order_no`, `status`, `updater`, `update_datetime`, `remark`, `model_code`) values('BL00016','2','花花公子','YDP-PC20229','LA17-TL-009_1493951765136.jpg','LA17-TL-009_1493951765136.jpg','6','2','5','0','1','0','1','2','0','admin','2017-08-21 16:10:03',NULL,'MO201708161448405541');
insert into `tdzt_cloth` (`code`, `type`, `brand`, `model_num`, `pic`, `adv_pic`, `color`, `flowers`, `form`, `weight`, `yarn`, `price`, `location`, `order_no`, `status`, `updater`, `update_datetime`, `remark`, `model_code`) values('BL00017','2','花花公子','YDP-PC20233','146993Y01_1493951805064.jpg','146993Y01_1493951805064.jpg','6','2','5','0','1','0','1','2','0','admin','2017-08-21 16:10:03',NULL,'MO201708161448405541');
insert into `tdzt_cloth` (`code`, `type`, `brand`, `model_num`, `pic`, `adv_pic`, `color`, `flowers`, `form`, `weight`, `yarn`, `price`, `location`, `order_no`, `status`, `updater`, `update_datetime`, `remark`, `model_code`) values('BL00018','2','花花公子','YDP-PC20232','206070_1493951820688.jpg','206070_1493951820688.jpg','5','1','5','0','1','0','1','2','0','admin','2017-08-21 16:10:03',NULL,'MO201708161448405541');
insert into `tdzt_cloth` (`code`, `type`, `brand`, `model_num`, `pic`, `adv_pic`, `color`, `flowers`, `form`, `weight`, `yarn`, `price`, `location`, `order_no`, `status`, `updater`, `update_datetime`, `remark`, `model_code`) values('BL00019','2','花花公子','YDP-PC20231','206074_1493951839201.jpg','206074_1493951839201.jpg','5','1','2','0','1','0','1','2','0','admin','2017-08-21 16:10:03',NULL,'MO201708161448405541');
insert into `tdzt_cloth` (`code`, `type`, `brand`, `model_num`, `pic`, `adv_pic`, `color`, `flowers`, `form`, `weight`, `yarn`, `price`, `location`, `order_no`, `status`, `updater`, `update_datetime`, `remark`, `model_code`) values('BL00020','2','花花公子','YDP-PC20230','LA17-TL-007_1493951876563.jpg','LA17-TL-007_1493951876563.jpg','5','1','3','0','1','0','1','2','0','admin','2017-08-21 16:10:03',NULL,'MO201708161448405541');
insert into `tdzt_cloth` (`code`, `type`, `brand`, `model_num`, `pic`, `adv_pic`, `color`, `flowers`, `form`, `weight`, `yarn`, `price`, `location`, `order_no`, `status`, `updater`, `update_datetime`, `remark`, `model_code`) values('BL00103','2','花花公子','YDP-PC20206','YDP-PC20206_1493951196988.jpg','YDP-PC20206_1493951196988.jpg','1','1','3','0','1','0','1','2','0','admin','2017-08-21 16:10:03',NULL,'MO201708161448405541');
insert into `tdzt_cloth` (`code`, `type`, `brand`, `model_num`, `pic`, `adv_pic`, `color`, `flowers`, `form`, `weight`, `yarn`, `price`, `location`, `order_no`, `status`, `updater`, `update_datetime`, `remark`, `model_code`) values('BL00104','2','花花公子','YDP-PC20203','YDP-PC20203_1493951214966.jpg','YDP-PC20203_1493951214966.jpg','1','1','2','0','1','0','1','2','0','admin','2017-08-23 15:07:17','','MO201708161448405541');
insert into `tdzt_cloth` (`code`, `type`, `brand`, `model_num`, `pic`, `adv_pic`, `color`, `flowers`, `form`, `weight`, `yarn`, `price`, `location`, `order_no`, `status`, `updater`, `update_datetime`, `remark`, `model_code`) values('BL00105','2','花花公子','YDP-PC20218','YDP-PC20218_1493951232132.jpg','YDP-PC20218_1493951232132.jpg','1','1','2','0','1','0','1','2','0','admin','2017-08-21 16:10:03',NULL,'MO201708161448405541');
insert into `tdzt_cloth` (`code`, `type`, `brand`, `model_num`, `pic`, `adv_pic`, `color`, `flowers`, `form`, `weight`, `yarn`, `price`, `location`, `order_no`, `status`, `updater`, `update_datetime`, `remark`, `model_code`) values('BL00106','2','花花公子','YPCD208776','YPCD208776_1493951253288.jpg','YPCD208776_1493951253288.jpg','2','1','1','0','1','0','1','2','0','admin','2017-08-21 16:10:03',NULL,'MO201708161448405541');
insert into `tdzt_cloth` (`code`, `type`, `brand`, `model_num`, `pic`, `adv_pic`, `color`, `flowers`, `form`, `weight`, `yarn`, `price`, `location`, `order_no`, `status`, `updater`, `update_datetime`, `remark`, `model_code`) values('BL00107','2','花花公子','YDP-PC20208','YDP-PC20208_1493951275787.jpg','YDP-PC20208_1493951275787.jpg','2','1','1','0','1','0','1','2','0','admin','2017-08-21 16:10:03',NULL,'MO201708211548546234');
insert into `tdzt_cloth` (`code`, `type`, `brand`, `model_num`, `pic`, `adv_pic`, `color`, `flowers`, `form`, `weight`, `yarn`, `price`, `location`, `order_no`, `status`, `updater`, `update_datetime`, `remark`, `model_code`) values('BL00108','2','花花公子','YDP-PC20220','YDP-PC20220_1493951332737.jpg','YDP-PC20220_1493951332737.jpg','2','1','2','0','1','0','1','2','0','admin','2017-08-21 16:10:03',NULL,'MO201708211548546234');
insert into `tdzt_cloth` (`code`, `type`, `brand`, `model_num`, `pic`, `adv_pic`, `color`, `flowers`, `form`, `weight`, `yarn`, `price`, `location`, `order_no`, `status`, `updater`, `update_datetime`, `remark`, `model_code`) values('BL00109','2','花花公子','YDP-PC20222','YDP-PC20222_1493951583013.jpg','YDP-PC20222_1493951583013.jpg','3','1','2','0','1','0','1','2','0','admin','2017-08-21 16:10:03',NULL,'MO201708211548546234');
insert into `tdzt_cloth` (`code`, `type`, `brand`, `model_num`, `pic`, `adv_pic`, `color`, `flowers`, `form`, `weight`, `yarn`, `price`, `location`, `order_no`, `status`, `updater`, `update_datetime`, `remark`, `model_code`) values('BL00110','2','花花公子','YDP-PC20223','DPF11008_1493951635755.jpg','DPF11008_1493951635755.jpg','3','1','1','0','1','0','1','2','0','admin','2017-08-21 16:10:03',NULL,'MO201708211548546234');
insert into `tdzt_cloth` (`code`, `type`, `brand`, `model_num`, `pic`, `adv_pic`, `color`, `flowers`, `form`, `weight`, `yarn`, `price`, `location`, `order_no`, `status`, `updater`, `update_datetime`, `remark`, `model_code`) values('BL00111','2','花花公子','YDP-PC20224','DPG1148_1493951660410.jpg','DPG1148_1493951660410.jpg','3','1','1','0','1','0','1','2','0','admin','2017-08-21 16:10:03',NULL,'MO201708211548546234');
insert into `tdzt_cloth` (`code`, `type`, `brand`, `model_num`, `pic`, `adv_pic`, `color`, `flowers`, `form`, `weight`, `yarn`, `price`, `location`, `order_no`, `status`, `updater`, `update_datetime`, `remark`, `model_code`) values('BL00112','2','花花公子','YDP-PC20225','YDP-PC20222_1493951682205.jpg','YDP-PC20222_1493951682205.jpg','4','2','2','0','1','0','1','2','0','admin','2017-08-21 16:10:03',NULL,'MO201708211548546234');
insert into `tdzt_cloth` (`code`, `type`, `brand`, `model_num`, `pic`, `adv_pic`, `color`, `flowers`, `form`, `weight`, `yarn`, `price`, `location`, `order_no`, `status`, `updater`, `update_datetime`, `remark`, `model_code`) values('BL00113','2','花花公子','YDP-PC20226','67040-1_1493951715144.jpg','67040-1_1493951715144.jpg','4','2','2','0','1','0','1','2','0','admin','2017-08-21 16:10:03',NULL,'MO201708211548546234');
insert into `tdzt_cloth` (`code`, `type`, `brand`, `model_num`, `pic`, `adv_pic`, `color`, `flowers`, `form`, `weight`, `yarn`, `price`, `location`, `order_no`, `status`, `updater`, `update_datetime`, `remark`, `model_code`) values('BL00114','2','花花公子','YDP-PC20227','LA17-TL-004_1493951733452.jpg','LA17-TL-004_1493951733452.jpg','4','2','1','0','1','0','1','2','0','admin','2017-08-21 16:10:03',NULL,'MO201708211548546234');
insert into `tdzt_cloth` (`code`, `type`, `brand`, `model_num`, `pic`, `adv_pic`, `color`, `flowers`, `form`, `weight`, `yarn`, `price`, `location`, `order_no`, `status`, `updater`, `update_datetime`, `remark`, `model_code`) values('BL00115','2','花花公子','YDP-PC20228111111','LA17-TL-008_1493951755047.jpg','LA17-TL-008_1493951755047.jpg','4','2','2','0','1','0','0','1','1','admin','2017-08-22 21:14:50','','MO201708211548546234');
insert into `tdzt_cloth` (`code`, `type`, `brand`, `model_num`, `pic`, `adv_pic`, `color`, `flowers`, `form`, `weight`, `yarn`, `price`, `location`, `order_no`, `status`, `updater`, `update_datetime`, `remark`, `model_code`) values('BL00116','2','花花公子','YDP-PC20229','LA17-TL-009_1493951773961.jpg','LA17-TL-009_1493951773961.jpg','4','2','3','0','1','0','1','123','1','admin','2017-08-21 16:18:17','','MO201708211548546234');
insert into `tdzt_cloth` (`code`, `type`, `brand`, `model_num`, `pic`, `adv_pic`, `color`, `flowers`, `form`, `weight`, `yarn`, `price`, `location`, `order_no`, `status`, `updater`, `update_datetime`, `remark`, `model_code`) values('BL00117','2','花花公子','YDP-PC20233','146993Y01_1493951812994.jpg','146993Y01_1493951812994.jpg','7','2','3','23','1','0','1','2','0','admin','2017-08-23 15:01:10','','MO201708211548546234');
insert into `tdzt_cloth` (`code`, `type`, `brand`, `model_num`, `pic`, `adv_pic`, `color`, `flowers`, `form`, `weight`, `yarn`, `price`, `location`, `order_no`, `status`, `updater`, `update_datetime`, `remark`, `model_code`) values('BL00118','2','花花公子','YDP-PC20232','206070_1493951829803.jpg','206070_1493951829803.jpg','3','2','2','22','1','0','1','10','1','admin','2017-08-21 16:18:08','','MO201708211548546234');
insert into `tdzt_cloth` (`code`, `type`, `brand`, `model_num`, `pic`, `adv_pic`, `color`, `flowers`, `form`, `weight`, `yarn`, `price`, `location`, `order_no`, `status`, `updater`, `update_datetime`, `remark`, `model_code`) values('BL00119','2','12','YDP-PC20231','206074_1493951848826.jpg','206074_1493951848826.jpg','1','1','1','12','1','0','1','23','1','admin','2017-08-21 16:16:49','','MO201708211548546234');
insert into `tdzt_cloth` (`code`, `type`, `brand`, `model_num`, `pic`, `adv_pic`, `color`, `flowers`, `form`, `weight`, `yarn`, `price`, `location`, `order_no`, `status`, `updater`, `update_datetime`, `remark`, `model_code`) values('BL00120','2','花花公子','YDP-PC20230','LA17-TL-007_1493951887004.jpg','LA17-TL-007_1493951887004.jpg','1','1','1','12','1','0','0','1','1','admin','2017-08-21 16:16:15','','MO201708211548546234');
insert into `tdzt_cloth` (`code`, `type`, `brand`, `model_num`, `pic`, `adv_pic`, `color`, `flowers`, `form`, `weight`, `yarn`, `price`, `location`, `order_no`, `status`, `updater`, `update_datetime`, `remark`, `model_code`) values('BL201708211608041151','2','花花公子','11','u=4281712589,1804586914&fm=26&gp=0_1503301929591.jpg','u=4281712589,1804586914&fm=26&gp=0_1503301926488.jpg','2','1','1','12','1','0','1','1','1','admin','2017-08-21 16:14:34','','MO201708211548546234');
insert into `tdzt_cloth` (`code`, `type`, `brand`, `model_num`, `pic`, `adv_pic`, `color`, `flowers`, `form`, `weight`, `yarn`, `price`, `location`, `order_no`, `status`, `updater`, `update_datetime`, `remark`, `model_code`) values('BL201708211615472587','2','花花公子','60%c40%w001','短袖衬衫_1503303412826.jpg','短袖衬衫_1503303417997.jpg','7','1','3','31','1','0','1','2','1','admin','2017-08-21 16:16:00','','MO201708211548546234');
insert into `tdzt_cloth` (`code`, `type`, `brand`, `model_num`, `pic`, `adv_pic`, `color`, `flowers`, `form`, `weight`, `yarn`, `price`, `location`, `order_no`, `status`, `updater`, `update_datetime`, `remark`, `model_code`) values('BL201708211712271928','2','马甲','60%C40%whc0009','短袖衬衫_1503306816059.jpg','2_1503306812477.jpg','7','1','3','89','1','698000','1','2','0','admin','2017-08-21 17:12:27','','MO201708211548546234');
insert into `tdzt_cloth` (`code`, `type`, `brand`, `model_num`, `pic`, `adv_pic`, `color`, `flowers`, `form`, `weight`, `yarn`, `price`, `location`, `order_no`, `status`, `updater`, `update_datetime`, `remark`, `model_code`) values('BL201708211714358439','2','马甲','80%C20%w','2_1503306897098.jpg','短袖衬衫_1503306891345.jpg','7','1','2','89','1','899000','1','2','0','admin','2017-08-23 15:00:35','','MO201708211548546234');




insert into `tdzt_craft` (`code`, `type`, `name`, `pic`, `adv_pic`, `price`, `location`, `order_no`, `status`, `updater`, `update_datetime`, `remark`, `model_code`) values('GY00035','1-4','六角单扣','领型袖口矢量图方格图-未选中-15_1503461724347.png','领型袖口矢量图方格图-选中-15_1503482687042.png','0',NULL,NULL,'0','admin','2017-08-23 18:06:16','','MO201708161448405541');
insert into `tdzt_craft` (`code`, `type`, `name`, `pic`, `adv_pic`, `price`, `location`, `order_no`, `status`, `updater`, `update_datetime`, `remark`, `model_code`) values('GY000351','1-4','六角单扣','领型袖口矢量图方格图-未选中-15_1503461724347.png','领型袖口矢量图方格图-选中-15_1503482687042.png','0',NULL,NULL,'0','admin','2017-08-23 18:06:16','','MO201708211548546234');
insert into `tdzt_craft` (`code`, `type`, `name`, `pic`, `adv_pic`, `price`, `location`, `order_no`, `status`, `updater`, `update_datetime`, `remark`, `model_code`) values('GY00036','1-6','明门襟','i14_1493949692856.png','领型袖口矢量图方格图-选中-04_1503482718827.png','0',NULL,NULL,'0','admin','2017-08-23 18:06:50','','MO201708161448405541');
insert into `tdzt_craft` (`code`, `type`, `name`, `pic`, `adv_pic`, `price`, `location`, `order_no`, `status`, `updater`, `update_datetime`, `remark`, `model_code`) values('GY000361','1-6','明门襟','i14_1493949692856.png','领型袖口矢量图方格图-选中-04_1503482718827.png','0',NULL,NULL,'0','admin','2017-08-23 18:06:50','','MO201708211548546234');
insert into `tdzt_craft` (`code`, `type`, `name`, `pic`, `adv_pic`, `price`, `location`, `order_no`, `status`, `updater`, `update_datetime`, `remark`, `model_code`) values('GY00037','1-5','翻门襟','领型袖口矢量图方格图-未选中-03_1503461027508.png','领型袖口矢量图方格图-选中-03_1503483297882.png','0',NULL,NULL,'0','admin','2017-08-23 18:16:28','','MO201708161448405541');
insert into `tdzt_craft` (`code`, `type`, `name`, `pic`, `adv_pic`, `price`, `location`, `order_no`, `status`, `updater`, `update_datetime`, `remark`, `model_code`) values('GY000371','1-5','翻门襟','领型袖口矢量图方格图-未选中-03_1503461027508.png','领型袖口矢量图方格图-选中-03_1503483297882.png','0',NULL,NULL,'0','admin','2017-08-23 18:16:28','','MO201708211548546234');
insert into `tdzt_craft` (`code`, `type`, `name`, `pic`, `adv_pic`, `price`, `location`, `order_no`, `status`, `updater`, `update_datetime`, `remark`, `model_code`) values('GY00038','1-6','圆摆','i16_1493949734547.png',NULL,'0',NULL,NULL,'0','admin','2017-08-21 14:42:16','','MO201708161448405541');
insert into `tdzt_craft` (`code`, `type`, `name`, `pic`, `adv_pic`, `price`, `location`, `order_no`, `status`, `updater`, `update_datetime`, `remark`, `model_code`) values('GY000381','1-6','圆摆','i16_1493949734547.png',NULL,'0',NULL,NULL,'0','admin','2017-08-21 14:42:16','','MO201708211548546234');
insert into `tdzt_craft` (`code`, `type`, `name`, `pic`, `adv_pic`, `price`, `location`, `order_no`, `status`, `updater`, `update_datetime`, `remark`, `model_code`) values('GY00039','1-6','平摆','i13_1493949755111.png',NULL,'0',NULL,NULL,'0','admin','2017-08-21 17:09:49','','MO201708161448405541');
insert into `tdzt_craft` (`code`, `type`, `name`, `pic`, `adv_pic`, `price`, `location`, `order_no`, `status`, `updater`, `update_datetime`, `remark`, `model_code`) values('GY000391','1-6','平摆','i13_1493949755111.png',NULL,'0',NULL,NULL,'0','admin','2017-08-21 17:09:49','','MO201708211548546234');
insert into `tdzt_craft` (`code`, `type`, `name`, `pic`, `adv_pic`, `price`, `location`, `order_no`, `status`, `updater`, `update_datetime`, `remark`, `model_code`) values('GY00040','1-6','正常','sheng_wu_1493950388872.jpg',NULL,NULL,NULL,NULL,'0','admin','2017-08-16 20:06:10',NULL,'MO201708161448405541');
insert into `tdzt_craft` (`code`, `type`, `name`, `pic`, `adv_pic`, `price`, `location`, `order_no`, `status`, `updater`, `update_datetime`, `remark`, `model_code`) values('GY000401','1-6','正常','sheng_wu_1493950388872.jpg',NULL,NULL,NULL,NULL,'0','admin','2017-08-16 20:06:10',NULL,'MO201708211548546234');
insert into `tdzt_craft` (`code`, `type`, `name`, `pic`, `adv_pic`, `price`, `location`, `order_no`, `status`, `updater`, `update_datetime`, `remark`, `model_code`) values('GY00041','1-6','双肩活折','sheng_hb_1493950410581.jpg',NULL,NULL,NULL,NULL,'0','admin','2017-08-16 20:06:10',NULL,'MO201708161448405541');
insert into `tdzt_craft` (`code`, `type`, `name`, `pic`, `adv_pic`, `price`, `location`, `order_no`, `status`, `updater`, `update_datetime`, `remark`, `model_code`) values('GY000411','1-6','双肩活折','sheng_hb_1493950410581.jpg',NULL,NULL,NULL,NULL,'0','admin','2017-08-16 20:06:10',NULL,'MO201708211548546234');
insert into `tdzt_craft` (`code`, `type`, `name`, `pic`, `adv_pic`, `price`, `location`, `order_no`, `status`, `updater`, `update_datetime`, `remark`, `model_code`) values('GY00042','1-7','通用款式','领型袖口矢量图方格图-未选中-32_1503464262540.png',NULL,'0',NULL,NULL,'0','admin','2017-08-23 12:59:12','','MO201708161448405541');
insert into `tdzt_craft` (`code`, `type`, `name`, `pic`, `adv_pic`, `price`, `location`, `order_no`, `status`, `updater`, `update_datetime`, `remark`, `model_code`) values('GY000421','1-7','通用款式','领型袖口矢量图方格图-未选中-32_1503464262540.png',NULL,'0',NULL,NULL,'0','admin','2017-08-23 12:59:12','','MO201708211548546234');
insert into `tdzt_craft` (`code`, `type`, `name`, `pic`, `adv_pic`, `price`, `location`, `order_no`, `status`, `updater`, `update_datetime`, `remark`, `model_code`) values('GY00044','1-7','无褶不收省','领型袖口矢量图方格图-未选中-28_1503464322337.png',NULL,'0',NULL,NULL,'0','admin','2017-08-23 13:00:13','','MO201708161448405541');
insert into `tdzt_craft` (`code`, `type`, `name`, `pic`, `adv_pic`, `price`, `location`, `order_no`, `status`, `updater`, `update_datetime`, `remark`, `model_code`) values('GY000441','1-7','无褶不收省','领型袖口矢量图方格图-未选中-28_1503464322337.png',NULL,'0',NULL,NULL,'0','admin','2017-08-23 13:00:13','','MO201708211548546234');
insert into `tdzt_craft` (`code`, `type`, `name`, `pic`, `adv_pic`, `price`, `location`, `order_no`, `status`, `updater`, `update_datetime`, `remark`, `model_code`) values('GY00066','5-3','A1号','param_24_a1_1493950892842.jpg',NULL,'0',NULL,NULL,'0','admin','2017-08-23 10:10:50','','MO201708161448405541');
insert into `tdzt_craft` (`code`, `type`, `name`, `pic`, `adv_pic`, `price`, `location`, `order_no`, `status`, `updater`, `update_datetime`, `remark`, `model_code`) values('GY000661','5-3','A1号','param_24_a1_1493950892842.jpg',NULL,'0',NULL,NULL,'0','admin','2017-08-23 10:10:50','','MO201708211548546234');
insert into `tdzt_craft` (`code`, `type`, `name`, `pic`, `adv_pic`, `price`, `location`, `order_no`, `status`, `updater`, `update_datetime`, `remark`, `model_code`) values('GY00067','5-3','A2号','param_24_a2_1493950914683.jpg',NULL,'0',NULL,NULL,'0','admin','2017-08-23 10:11:11','','MO201708161448405541');
insert into `tdzt_craft` (`code`, `type`, `name`, `pic`, `adv_pic`, `price`, `location`, `order_no`, `status`, `updater`, `update_datetime`, `remark`, `model_code`) values('GY000671','5-3','A2号','param_24_a2_1493950914683.jpg',NULL,'0',NULL,NULL,'0','admin','2017-08-23 10:11:11','','MO201708211548546234');
insert into `tdzt_craft` (`code`, `type`, `name`, `pic`, `adv_pic`, `price`, `location`, `order_no`, `status`, `updater`, `update_datetime`, `remark`, `model_code`) values('GY00068','5-3','A4号','param_24_a4_1493950938227.jpg',NULL,'0',NULL,NULL,'0','admin','2017-08-23 10:11:25','','MO201708161448405541');
insert into `tdzt_craft` (`code`, `type`, `name`, `pic`, `adv_pic`, `price`, `location`, `order_no`, `status`, `updater`, `update_datetime`, `remark`, `model_code`) values('GY000681','5-3','A4号','param_24_a4_1493950938227.jpg',NULL,'0',NULL,NULL,'0','admin','2017-08-23 10:11:25','','MO201708211548546234');
insert into `tdzt_craft` (`code`, `type`, `name`, `pic`, `adv_pic`, `price`, `location`, `order_no`, `status`, `updater`, `update_datetime`, `remark`, `model_code`) values('GY00125','1-7','无褶双收省','领型袖口矢量图方格图-未选中-29_1503464350672.png',NULL,'0',NULL,NULL,'0','admin','2017-08-23 13:00:39','','MO201708161448405541');
insert into `tdzt_craft` (`code`, `type`, `name`, `pic`, `adv_pic`, `price`, `location`, `order_no`, `status`, `updater`, `update_datetime`, `remark`, `model_code`) values('GY001251','1-7','无褶双收省','领型袖口矢量图方格图-未选中-29_1503464350672.png',NULL,'0',NULL,NULL,'0','admin','2017-08-23 13:00:39','','MO201708211548546234');
insert into `tdzt_craft` (`code`, `type`, `name`, `pic`, `adv_pic`, `price`, `location`, `order_no`, `status`, `updater`, `update_datetime`, `remark`, `model_code`) values('GY00126','1-7','边褶不收省','领型袖口矢量图方格图-未选中-30_1503464377540.png',NULL,'0',NULL,NULL,'0','admin','2017-08-23 13:01:06','','MO201708161448405541');
insert into `tdzt_craft` (`code`, `type`, `name`, `pic`, `adv_pic`, `price`, `location`, `order_no`, `status`, `updater`, `update_datetime`, `remark`, `model_code`) values('GY001261','1-7','边褶不收省','领型袖口矢量图方格图-未选中-30_1503464377540.png',NULL,'0',NULL,NULL,'0','admin','2017-08-23 13:01:06','','MO201708211548546234');
insert into `tdzt_craft` (`code`, `type`, `name`, `pic`, `adv_pic`, `price`, `location`, `order_no`, `status`, `updater`, `update_datetime`, `remark`, `model_code`) values('GY00127','1-7','中褶不收省','领型袖口矢量图方格图-未选中-31_1503464407829.png',NULL,'0',NULL,NULL,'0','admin','2017-08-23 13:01:36','','MO201708161448405541');
insert into `tdzt_craft` (`code`, `type`, `name`, `pic`, `adv_pic`, `price`, `location`, `order_no`, `status`, `updater`, `update_datetime`, `remark`, `model_code`) values('GY001271','1-7','中褶不收省','领型袖口矢量图方格图-未选中-31_1503464407829.png',NULL,'0',NULL,NULL,'0','admin','2017-08-23 13:01:36','','MO201708211548546234');
insert into `tdzt_craft` (`code`, `type`, `name`, `pic`, `adv_pic`, `price`, `location`, `order_no`, `status`, `updater`, `update_datetime`, `remark`, `model_code`) values('GY00135','1-10','短袖袖型','xiu-short_1493949666799.jpg',NULL,NULL,NULL,NULL,'0','admin','2017-08-16 20:06:10',NULL,'MO201708161448405541');
insert into `tdzt_craft` (`code`, `type`, `name`, `pic`, `adv_pic`, `price`, `location`, `order_no`, `status`, `updater`, `update_datetime`, `remark`, `model_code`) values('GY001351','1-10','短袖袖型','xiu-short_1493949666799.jpg',NULL,NULL,NULL,NULL,'0','admin','2017-08-16 20:06:10',NULL,'MO201708211548546234');
insert into `tdzt_craft` (`code`, `type`, `name`, `pic`, `adv_pic`, `price`, `location`, `order_no`, `status`, `updater`, `update_datetime`, `remark`, `model_code`) values('GY00140','1-10','正常','sheng_wu_1493950399687.jpg',NULL,NULL,NULL,NULL,'0','admin','2017-08-16 20:06:10',NULL,'MO201708161448405541');
insert into `tdzt_craft` (`code`, `type`, `name`, `pic`, `adv_pic`, `price`, `location`, `order_no`, `status`, `updater`, `update_datetime`, `remark`, `model_code`) values('GY001401','1-10','正常','sheng_wu_1493950399687.jpg',NULL,NULL,NULL,NULL,'0','admin','2017-08-16 20:06:10',NULL,'MO201708211548546234');
insert into `tdzt_craft` (`code`, `type`, `name`, `pic`, `adv_pic`, `price`, `location`, `order_no`, `status`, `updater`, `update_datetime`, `remark`, `model_code`) values('GY00141','1-10','双肩活折','sheng_hb_1493950420525.jpg',NULL,NULL,NULL,NULL,'0','admin','2017-08-16 20:06:10',NULL,'MO201708161448405541');
insert into `tdzt_craft` (`code`, `type`, `name`, `pic`, `adv_pic`, `price`, `location`, `order_no`, `status`, `updater`, `update_datetime`, `remark`, `model_code`) values('GY001411','1-10','双肩活折','sheng_hb_1493950420525.jpg',NULL,NULL,NULL,NULL,'0','admin','2017-08-16 20:06:10',NULL,'MO201708211548546234');
insert into `tdzt_craft` (`code`, `type`, `name`, `pic`, `adv_pic`, `price`, `location`, `order_no`, `status`, `updater`, `update_datetime`, `remark`, `model_code`) values('GY00142','1-10','后腰省','sheng_yao_1493950441234.jpg',NULL,NULL,NULL,NULL,'0','admin','2017-08-16 20:06:10',NULL,'MO201708161448405541');
insert into `tdzt_craft` (`code`, `type`, `name`, `pic`, `adv_pic`, `price`, `location`, `order_no`, `status`, `updater`, `update_datetime`, `remark`, `model_code`) values('GY001421','1-10','后腰省','sheng_yao_1493950441234.jpg',NULL,NULL,NULL,NULL,'0','admin','2017-08-16 20:06:10',NULL,'MO201708211548546234');
insert into `tdzt_craft` (`code`, `type`, `name`, `pic`, `adv_pic`, `price`, `location`, `order_no`, `status`, `updater`, `update_datetime`, `remark`, `model_code`) values('GY00144','1-3','标准领','领型袖口矢量图方格图-未选中-06_1503461154668.png','领型袖口矢量图方格图-选中-06_1503482746193.png','0',NULL,NULL,'0','admin','2017-08-23 18:07:16','','MO201708161448405541');
insert into `tdzt_craft` (`code`, `type`, `name`, `pic`, `adv_pic`, `price`, `location`, `order_no`, `status`, `updater`, `update_datetime`, `remark`, `model_code`) values('GY001441','1-3','标准领','领型袖口矢量图方格图-未选中-06_1503461154668.png','领型袖口矢量图方格图-选中-06_1503482746193.png','0',NULL,NULL,'0','admin','2017-08-23 18:07:16','','MO201708211548546234');
insert into `tdzt_craft` (`code`, `type`, `name`, `pic`, `adv_pic`, `price`, `location`, `order_no`, `status`, `updater`, `update_datetime`, `remark`, `model_code`) values('GY00154','1-10','正常','jian_normal_1493983149877.jpg',NULL,NULL,NULL,NULL,'0','admin','2017-08-16 20:06:10',NULL,'MO201708161448405541');
insert into `tdzt_craft` (`code`, `type`, `name`, `pic`, `adv_pic`, `price`, `location`, `order_no`, `status`, `updater`, `update_datetime`, `remark`, `model_code`) values('GY001541','1-10','正常','jian_normal_1493983149877.jpg',NULL,NULL,NULL,NULL,'0','admin','2017-08-16 20:06:10',NULL,'MO201708211548546234');
insert into `tdzt_craft` (`code`, `type`, `name`, `pic`, `adv_pic`, `price`, `location`, `order_no`, `status`, `updater`, `update_datetime`, `remark`, `model_code`) values('GY00155','1-10','平肩','jian_ping_1493983169478.jpg',NULL,NULL,NULL,NULL,'0','admin','2017-08-16 20:06:10',NULL,'MO201708161448405541');
insert into `tdzt_craft` (`code`, `type`, `name`, `pic`, `adv_pic`, `price`, `location`, `order_no`, `status`, `updater`, `update_datetime`, `remark`, `model_code`) values('GY001551','1-10','平肩','jian_ping_1493983169478.jpg',NULL,NULL,NULL,NULL,'0','admin','2017-08-16 20:06:10',NULL,'MO201708211548546234');
insert into `tdzt_craft` (`code`, `type`, `name`, `pic`, `adv_pic`, `price`, `location`, `order_no`, `status`, `updater`, `update_datetime`, `remark`, `model_code`) values('GY00156','1-10','溜肩','jian_liu_1493983193018.jpg',NULL,NULL,NULL,NULL,'0','admin','2017-08-16 20:06:10',NULL,'MO201708161448405541');
insert into `tdzt_craft` (`code`, `type`, `name`, `pic`, `adv_pic`, `price`, `location`, `order_no`, `status`, `updater`, `update_datetime`, `remark`, `model_code`) values('GY001561','1-10','溜肩','jian_liu_1493983193018.jpg',NULL,NULL,NULL,NULL,'0','admin','2017-08-16 20:06:10',NULL,'MO201708211548546234');
insert into `tdzt_craft` (`code`, `type`, `name`, `pic`, `adv_pic`, `price`, `location`, `order_no`, `status`, `updater`, `update_datetime`, `remark`, `model_code`) values('GY201708181139192884','5-4','紫色','param_25_a_1493950978966.jpg',NULL,'0','1','0','0','admin','2017-08-18 11:39:19','','MO201708161448405541');
insert into `tdzt_craft` (`code`, `type`, `name`, `pic`, `adv_pic`, `price`, `location`, `order_no`, `status`, `updater`, `update_datetime`, `remark`, `model_code`) values('GY2017081811391928841','5-4','紫色','param_25_a_1493950978966.jpg',NULL,'0','1','0','0','admin','2017-08-18 11:39:19','','MO201708211548546234');
insert into `tdzt_craft` (`code`, `type`, `name`, `pic`, `adv_pic`, `price`, `location`, `order_no`, `status`, `updater`, `update_datetime`, `remark`, `model_code`) values('GY201708181139192885','5-4','棕色','param_25_b_1493950996642.jpg',NULL,'0','1','0','0','admin','2017-08-18 11:39:19','','MO201708161448405541');
insert into `tdzt_craft` (`code`, `type`, `name`, `pic`, `adv_pic`, `price`, `location`, `order_no`, `status`, `updater`, `update_datetime`, `remark`, `model_code`) values('GY2017081811391928851','5-4','棕色','param_25_b_1493950996642.jpg',NULL,'0','1','0','0','admin','2017-08-18 11:39:19','','MO201708211548546234');
insert into `tdzt_craft` (`code`, `type`, `name`, `pic`, `adv_pic`, `price`, `location`, `order_no`, `status`, `updater`, `update_datetime`, `remark`, `model_code`) values('GY201708181139192886','5-4','蓝色','param_25_c_1493951015848.jpg',NULL,'0','1','0','0','admin','2017-08-18 11:39:19','','MO201708161448405541');
insert into `tdzt_craft` (`code`, `type`, `name`, `pic`, `adv_pic`, `price`, `location`, `order_no`, `status`, `updater`, `update_datetime`, `remark`, `model_code`) values('GY2017081811391928861','5-4','蓝色','param_25_c_1493951015848.jpg',NULL,'0','1','0','0','admin','2017-08-18 11:39:19','','MO201708211548546234');
insert into `tdzt_craft` (`code`, `type`, `name`, `pic`, `adv_pic`, `price`, `location`, `order_no`, `status`, `updater`, `update_datetime`, `remark`, `model_code`) values('GY201708181139192887','5-4','绿色','param_25_d_1493951034521.jpg',NULL,'0','1','0','0','admin','2017-08-18 11:39:19','','MO201708161448405541');
insert into `tdzt_craft` (`code`, `type`, `name`, `pic`, `adv_pic`, `price`, `location`, `order_no`, `status`, `updater`, `update_datetime`, `remark`, `model_code`) values('GY2017081811391928871','5-4','绿色','param_25_d_1493951034521.jpg',NULL,'0','1','0','0','admin','2017-08-18 11:39:19','','MO201708211548546234');
insert into `tdzt_craft` (`code`, `type`, `name`, `pic`, `adv_pic`, `price`, `location`, `order_no`, `status`, `updater`, `update_datetime`, `remark`, `model_code`) values('GY201708181139192888','5-4','红色','param_25_e_1493951059099.jpg',NULL,'0','1','0','0','admin','2017-08-18 11:39:19','','MO201708161448405541');
insert into `tdzt_craft` (`code`, `type`, `name`, `pic`, `adv_pic`, `price`, `location`, `order_no`, `status`, `updater`, `update_datetime`, `remark`, `model_code`) values('GY2017081811391928881','5-4','红色','param_25_e_1493951059099.jpg',NULL,'0','1','0','0','admin','2017-08-18 11:39:19','','MO201708211548546234');
insert into `tdzt_craft` (`code`, `type`, `name`, `pic`, `adv_pic`, `price`, `location`, `order_no`, `status`, `updater`, `update_datetime`, `remark`, `model_code`) values('GY201708181139192889','5-4','粉红色','param_25_f_1493951082454.jpg',NULL,'0','1','0','0','admin','2017-08-18 11:39:19','','MO201708161448405541');
insert into `tdzt_craft` (`code`, `type`, `name`, `pic`, `adv_pic`, `price`, `location`, `order_no`, `status`, `updater`, `update_datetime`, `remark`, `model_code`) values('GY2017081811391928891','5-4','粉红色','param_25_f_1493951082454.jpg',NULL,'0','1','0','0','admin','2017-08-18 11:39:19','','MO201708211548546234');
insert into `tdzt_craft` (`code`, `type`, `name`, `pic`, `adv_pic`, `price`, `location`, `order_no`, `status`, `updater`, `update_datetime`, `remark`, `model_code`) values('GY20170818113919288919','5-4','白色','param_25_g_1493951105705.jpg',NULL,'0','1','0','0','admin','2017-08-18 11:39:19','','MO201708211548546234');
insert into `tdzt_craft` (`code`, `type`, `name`, `pic`, `adv_pic`, `price`, `location`, `order_no`, `status`, `updater`, `update_datetime`, `remark`, `model_code`) values('GY201708181139192889191','5-4','黑色','param_25_h_1493951127324.jpg',NULL,'0','1','0','0','admin','2017-08-18 11:39:19','','MO201708211548546234');
insert into `tdzt_craft` (`code`, `type`, `name`, `pic`, `adv_pic`, `price`, `location`, `order_no`, `status`, `updater`, `update_datetime`, `remark`, `model_code`) values('GY201708181139192889192','5-4','灰色','param_25_i_1493951147280.jpg',NULL,'0','1','0','0','admin','2017-08-18 11:39:19','','MO201708211548546234');
insert into `tdzt_craft` (`code`, `type`, `name`, `pic`, `adv_pic`, `price`, `location`, `order_no`, `status`, `updater`, `update_datetime`, `remark`, `model_code`) values('GY2017081811391928899','5-4','白色','param_25_g_1493951105705.jpg',NULL,'0','1','0','0','admin','2017-08-18 11:39:19','','MO201708161448405541');
insert into `tdzt_craft` (`code`, `type`, `name`, `pic`, `adv_pic`, `price`, `location`, `order_no`, `status`, `updater`, `update_datetime`, `remark`, `model_code`) values('GY20170818113919288991','5-4','黑色','param_25_h_1493951127324.jpg',NULL,'0','1','0','0','admin','2017-08-18 11:39:19','','MO201708161448405541');
insert into `tdzt_craft` (`code`, `type`, `name`, `pic`, `adv_pic`, `price`, `location`, `order_no`, `status`, `updater`, `update_datetime`, `remark`, `model_code`) values('GY20170818113919288992','5-4','灰色','param_25_i_1493951147280.jpg',NULL,'0','1','0','0','admin','2017-08-18 11:39:19','','MO201708161448405541');
insert into `tdzt_craft` (`code`, `type`, `name`, `pic`, `adv_pic`, `price`, `location`, `order_no`, `status`, `updater`, `update_datetime`, `remark`, `model_code`) values('GY201708181139192903','1-10','短袖袖型','xiu-short_1493949654281.jpg',NULL,'0','1','0','0','admin','2017-08-18 11:39:19','','MO201708161448405541');
insert into `tdzt_craft` (`code`, `type`, `name`, `pic`, `adv_pic`, `price`, `location`, `order_no`, `status`, `updater`, `update_datetime`, `remark`, `model_code`) values('GY2017081811391929031','1-10','短袖袖型','xiu-short_1493949654281.jpg',NULL,'0','1','0','0','admin','2017-08-18 11:39:19','','MO201708211548546234');
insert into `tdzt_craft` (`code`, `type`, `name`, `pic`, `adv_pic`, `price`, `location`, `order_no`, `status`, `updater`, `update_datetime`, `remark`, `model_code`) values('GY201708181139192904','1-5','明门襟','领型袖口矢量图方格图-未选中-05_1503461055947.png',NULL,'0','1','0','0','admin','2017-08-23 12:05:45','','MO201708161448405541');
insert into `tdzt_craft` (`code`, `type`, `name`, `pic`, `adv_pic`, `price`, `location`, `order_no`, `status`, `updater`, `update_datetime`, `remark`, `model_code`) values('GY2017081811391929041','1-5','明门襟','领型袖口矢量图方格图-未选中-05_1503461055947.png',NULL,'0','1','0','0','admin','2017-08-23 12:05:45','','MO201708211548546234');
insert into `tdzt_craft` (`code`, `type`, `name`, `pic`, `adv_pic`, `price`, `location`, `order_no`, `status`, `updater`, `update_datetime`, `remark`, `model_code`) values('GY201708181139192905','1-5','翻门襟','i15_1493949710855.png',NULL,'0','1','0','0','admin','2017-08-23 11:01:01','','MO201708161448405541');
insert into `tdzt_craft` (`code`, `type`, `name`, `pic`, `adv_pic`, `price`, `location`, `order_no`, `status`, `updater`, `update_datetime`, `remark`, `model_code`) values('GY2017081811391929051','1-5','翻门襟','i15_1493949710855.png',NULL,'0','1','0','0','admin','2017-08-23 11:01:01','','MO201708211548546234');
insert into `tdzt_craft` (`code`, `type`, `name`, `pic`, `adv_pic`, `price`, `location`, `order_no`, `status`, `updater`, `update_datetime`, `remark`, `model_code`) values('GY201708181139192906','1-9','无口袋','领型袖口矢量图方格图-未选中-24_1503462125547.png',NULL,'0','1','0','0','admin','2017-08-23 12:23:34','','MO201708161448405541');
insert into `tdzt_craft` (`code`, `type`, `name`, `pic`, `adv_pic`, `price`, `location`, `order_no`, `status`, `updater`, `update_datetime`, `remark`, `model_code`) values('GY2017081811391929061','1-9','无口袋','领型袖口矢量图方格图-未选中-24_1503462125547.png',NULL,'0','1','0','0','admin','2017-08-23 12:23:34','','MO201708211548546234');
insert into `tdzt_craft` (`code`, `type`, `name`, `pic`, `adv_pic`, `price`, `location`, `order_no`, `status`, `updater`, `update_datetime`, `remark`, `model_code`) values('GY201708181139192907','1-9','六角口袋','领型袖口矢量图方格图-未选中-25_1503462152239.png',NULL,'0','1','0','0','admin','2017-08-23 12:24:01','','MO201708161448405541');
insert into `tdzt_craft` (`code`, `type`, `name`, `pic`, `adv_pic`, `price`, `location`, `order_no`, `status`, `updater`, `update_datetime`, `remark`, `model_code`) values('GY2017081811391929071','1-9','六角口袋','领型袖口矢量图方格图-未选中-25_1503462152239.png',NULL,'0','1','0','0','admin','2017-08-23 12:24:01','','MO201708211548546234');
insert into `tdzt_craft` (`code`, `type`, `name`, `pic`, `adv_pic`, `price`, `location`, `order_no`, `status`, `updater`, `update_datetime`, `remark`, `model_code`) values('GY201708181139192908','1-9','圆角口袋','领型袖口矢量图方格图-未选中-26_1503462174820.png',NULL,'0','1','0','0','admin','2017-08-23 12:24:23','','MO201708161448405541');
insert into `tdzt_craft` (`code`, `type`, `name`, `pic`, `adv_pic`, `price`, `location`, `order_no`, `status`, `updater`, `update_datetime`, `remark`, `model_code`) values('GY2017081811391929081','1-9','圆角口袋','领型袖口矢量图方格图-未选中-26_1503462174820.png',NULL,'0','1','0','0','admin','2017-08-23 12:24:23','','MO201708211548546234');
insert into `tdzt_craft` (`code`, `type`, `name`, `pic`, `adv_pic`, `price`, `location`, `order_no`, `status`, `updater`, `update_datetime`, `remark`, `model_code`) values('GY201708181139192909','1-9','三角口袋','领型袖口矢量图方格图-未选中-27_1503462198168.png',NULL,'0','1','0','0','admin','2017-08-23 12:24:49','','MO201708161448405541');
insert into `tdzt_craft` (`code`, `type`, `name`, `pic`, `adv_pic`, `price`, `location`, `order_no`, `status`, `updater`, `update_datetime`, `remark`, `model_code`) values('GY2017081811391929091','1-9','三角口袋','领型袖口矢量图方格图-未选中-27_1503462198168.png',NULL,'0','1','0','0','admin','2017-08-23 12:24:49','','MO201708211548546234');
insert into `tdzt_craft` (`code`, `type`, `name`, `pic`, `adv_pic`, `price`, `location`, `order_no`, `status`, `updater`, `update_datetime`, `remark`, `model_code`) values('GY201708181139192910','1-5','后腰省','i13_1493949755111.png',NULL,'0','1','0','0','admin','2017-08-23 11:01:21','','MO201708161448405541');
insert into `tdzt_craft` (`code`, `type`, `name`, `pic`, `adv_pic`, `price`, `location`, `order_no`, `status`, `updater`, `update_datetime`, `remark`, `model_code`) values('GY2017081811391929101','1-5','后腰省','i13_1493949755111.png',NULL,'0','1','0','0','admin','2017-08-23 11:01:21','','MO201708211548546234');
insert into `tdzt_craft` (`code`, `type`, `name`, `pic`, `adv_pic`, `price`, `location`, `order_no`, `status`, `updater`, `update_datetime`, `remark`, `model_code`) values('GY201708231211313165','1-3','大尖领','领型袖口矢量图方格图-未选中-07_1503461401855.png','领型袖口矢量图方格图-选中-07_1503482759654.png','0',NULL,NULL,'0','admin','2017-08-23 18:13:33','','MO201708161448405541');
insert into `tdzt_craft` (`code`, `type`, `name`, `pic`, `adv_pic`, `price`, `location`, `order_no`, `status`, `updater`, `update_datetime`, `remark`, `model_code`) values('GY2017082312113131651','1-3','大尖领','领型袖口矢量图方格图-未选中-07_1503461401855.png','领型袖口矢量图方格图-选中-07_1503482759654.png','0',NULL,NULL,'0','admin','2017-08-23 18:13:33','','MO201708211548546234');
insert into `tdzt_craft` (`code`, `type`, `name`, `pic`, `adv_pic`, `price`, `location`, `order_no`, `status`, `updater`, `update_datetime`, `remark`, `model_code`) values('GY201708231212027412','1-4','六角双扣','领型袖口矢量图方格图-未选中-16_1503461772542.png',NULL,'0',NULL,NULL,'0','admin','2017-08-23 12:17:41','','MO201708161448405541');
insert into `tdzt_craft` (`code`, `type`, `name`, `pic`, `adv_pic`, `price`, `location`, `order_no`, `status`, `updater`, `update_datetime`, `remark`, `model_code`) values('GY2017082312120274121','1-4','六角双扣','领型袖口矢量图方格图-未选中-16_1503461772542.png',NULL,'0',NULL,NULL,'0','admin','2017-08-23 12:17:41','','MO201708211548546234');
insert into `tdzt_craft` (`code`, `type`, `name`, `pic`, `adv_pic`, `price`, `location`, `order_no`, `status`, `updater`, `update_datetime`, `remark`, `model_code`) values('GY201708231213037436','1-3','大八领','领型袖口矢量图方格图-未选中-09_1503461494526.png','领型袖口矢量图方格图-选中-09_1503482775342.png','0',NULL,NULL,'0','admin','2017-08-23 18:07:45','','MO201708161448405541');
insert into `tdzt_craft` (`code`, `type`, `name`, `pic`, `adv_pic`, `price`, `location`, `order_no`, `status`, `updater`, `update_datetime`, `remark`, `model_code`) values('GY2017082312130374361','1-3','大八领','领型袖口矢量图方格图-未选中-09_1503461494526.png','领型袖口矢量图方格图-选中-09_1503482775342.png','0',NULL,NULL,'0','admin','2017-08-23 18:07:45','','MO201708211548546234');
insert into `tdzt_craft` (`code`, `type`, `name`, `pic`, `adv_pic`, `price`, `location`, `order_no`, `status`, `updater`, `update_datetime`, `remark`, `model_code`) values('GY201708231213296629','1-3','中八领','领型袖口矢量图方格图-未选中-10_1503461520452.png','领型袖口矢量图方格图-选中-10_1503483146460.png','0',NULL,NULL,'0','admin','2017-08-23 18:13:57','','MO201708161448405541');
insert into `tdzt_craft` (`code`, `type`, `name`, `pic`, `adv_pic`, `price`, `location`, `order_no`, `status`, `updater`, `update_datetime`, `remark`, `model_code`) values('GY2017082312132966291','1-3','中八领','领型袖口矢量图方格图-未选中-10_1503461520452.png','领型袖口矢量图方格图-选中-10_1503483146460.png','0',NULL,NULL,'0','admin','2017-08-23 18:13:57','','MO201708211548546234');
insert into `tdzt_craft` (`code`, `type`, `name`, `pic`, `adv_pic`, `price`, `location`, `order_no`, `status`, `updater`, `update_datetime`, `remark`, `model_code`) values('GY201708231214034228','1-3','小方领','领型袖口矢量图方格图-未选中-11_1503461554563.png','领型袖口矢量图方格图-选中-11_1503483163813.png','0',NULL,NULL,'0','admin','2017-08-23 18:14:14','','MO201708161448405541');
insert into `tdzt_craft` (`code`, `type`, `name`, `pic`, `adv_pic`, `price`, `location`, `order_no`, `status`, `updater`, `update_datetime`, `remark`, `model_code`) values('GY2017082312140342281','1-3','小方领','领型袖口矢量图方格图-未选中-11_1503461554563.png','领型袖口矢量图方格图-选中-11_1503483163813.png','0',NULL,NULL,'0','admin','2017-08-23 18:14:14','','MO201708211548546234');
insert into `tdzt_craft` (`code`, `type`, `name`, `pic`, `adv_pic`, `price`, `location`, `order_no`, `status`, `updater`, `update_datetime`, `remark`, `model_code`) values('GY201708231214372410','1-3','纽扣领','领型袖口矢量图方格图-未选中-12_1503461588224.png','领型袖口矢量图方格图-选中-12_1503483179887.png','0',NULL,NULL,'0','admin','2017-08-23 18:14:29','','MO201708161448405541');
insert into `tdzt_craft` (`code`, `type`, `name`, `pic`, `adv_pic`, `price`, `location`, `order_no`, `status`, `updater`, `update_datetime`, `remark`, `model_code`) values('GY2017082312143724101','1-3','纽扣领','领型袖口矢量图方格图-未选中-12_1503461588224.png','领型袖口矢量图方格图-选中-12_1503483179887.png','0',NULL,NULL,'0','admin','2017-08-23 18:14:29','','MO201708211548546234');
insert into `tdzt_craft` (`code`, `type`, `name`, `pic`, `adv_pic`, `price`, `location`, `order_no`, `status`, `updater`, `update_datetime`, `remark`, `model_code`) values('GY201708231215010145','1-3','立领','领型袖口矢量图方格图-未选中-13_1503461612019.png','领型袖口矢量图方格图-选中-13_1503483197804.png','0',NULL,NULL,'0','admin','2017-08-23 18:14:47','','MO201708161448405541');
insert into `tdzt_craft` (`code`, `type`, `name`, `pic`, `adv_pic`, `price`, `location`, `order_no`, `status`, `updater`, `update_datetime`, `remark`, `model_code`) values('GY2017082312150101451','1-3','立领','领型袖口矢量图方格图-未选中-13_1503461612019.png','领型袖口矢量图方格图-选中-13_1503483197804.png','0',NULL,NULL,'0','admin','2017-08-23 18:14:47','','MO201708211548546234');
insert into `tdzt_craft` (`code`, `type`, `name`, `pic`, `adv_pic`, `price`, `location`, `order_no`, `status`, `updater`, `update_datetime`, `remark`, `model_code`) values('GY201708231215280713','1-3','礼服领','领型袖口矢量图方格图-未选中-14_1503461638898.png','领型袖口矢量图方格图-选中-14_1503483217045.png','0',NULL,NULL,'0','admin','2017-08-23 18:15:06','','MO201708161448405541');
insert into `tdzt_craft` (`code`, `type`, `name`, `pic`, `adv_pic`, `price`, `location`, `order_no`, `status`, `updater`, `update_datetime`, `remark`, `model_code`) values('GY2017082312152807131','1-3','礼服领','领型袖口矢量图方格图-未选中-14_1503461638898.png','领型袖口矢量图方格图-选中-14_1503483217045.png','0',NULL,NULL,'0','admin','2017-08-23 18:15:06','','MO201708211548546234');
insert into `tdzt_craft` (`code`, `type`, `name`, `pic`, `adv_pic`, `price`, `location`, `order_no`, `status`, `updater`, `update_datetime`, `remark`, `model_code`) values('GY201708231218192701','1-4','圆角单扣','领型袖口矢量图方格图-未选中-17_1503461810393.png',NULL,'0',NULL,NULL,'0','admin','2017-08-23 12:18:19','','MO201708161448405541');
insert into `tdzt_craft` (`code`, `type`, `name`, `pic`, `adv_pic`, `price`, `location`, `order_no`, `status`, `updater`, `update_datetime`, `remark`, `model_code`) values('GY2017082312181927011','1-4','圆角单扣','领型袖口矢量图方格图-未选中-17_1503461810393.png',NULL,'0',NULL,NULL,'0','admin','2017-08-23 12:18:19','','MO201708211548546234');
insert into `tdzt_craft` (`code`, `type`, `name`, `pic`, `adv_pic`, `price`, `location`, `order_no`, `status`, `updater`, `update_datetime`, `remark`, `model_code`) values('GY201708231218480932','1-4','圆角双扣','领型袖口矢量图方格图-未选中-18_1503461839149.png',NULL,'0',NULL,NULL,'0','admin','2017-08-23 12:18:48','','MO201708161448405541');
insert into `tdzt_craft` (`code`, `type`, `name`, `pic`, `adv_pic`, `price`, `location`, `order_no`, `status`, `updater`, `update_datetime`, `remark`, `model_code`) values('GY2017082312184809321','1-4','圆角双扣','领型袖口矢量图方格图-未选中-18_1503461839149.png',NULL,'0',NULL,NULL,'0','admin','2017-08-23 12:18:48','','MO201708211548546234');
insert into `tdzt_craft` (`code`, `type`, `name`, `pic`, `adv_pic`, `price`, `location`, `order_no`, `status`, `updater`, `update_datetime`, `remark`, `model_code`) values('GY201708231220247320','1-4','直角单扣','领型袖口矢量图方格图-未选中-19_1503461935691.png',NULL,'0',NULL,NULL,'0','admin','2017-08-23 12:20:24','','MO201708161448405541');
insert into `tdzt_craft` (`code`, `type`, `name`, `pic`, `adv_pic`, `price`, `location`, `order_no`, `status`, `updater`, `update_datetime`, `remark`, `model_code`) values('GY2017082312202473201','1-4','直角单扣','领型袖口矢量图方格图-未选中-19_1503461935691.png',NULL,'0',NULL,NULL,'0','admin','2017-08-23 12:20:24','','MO201708211548546234');
insert into `tdzt_craft` (`code`, `type`, `name`, `pic`, `adv_pic`, `price`, `location`, `order_no`, `status`, `updater`, `update_datetime`, `remark`, `model_code`) values('GY201708231220493128','1-4','直角双扣','领型袖口矢量图方格图-未选中-20_1503461960358.png',NULL,'0',NULL,NULL,'0','admin','2017-08-23 12:20:49','','MO201708161448405541');
insert into `tdzt_craft` (`code`, `type`, `name`, `pic`, `adv_pic`, `price`, `location`, `order_no`, `status`, `updater`, `update_datetime`, `remark`, `model_code`) values('GY2017082312204931281','1-4','直角双扣','领型袖口矢量图方格图-未选中-20_1503461960358.png',NULL,'0',NULL,NULL,'0','admin','2017-08-23 12:20:49','','MO201708211548546234');
insert into `tdzt_craft` (`code`, `type`, `name`, `pic`, `adv_pic`, `price`, `location`, `order_no`, `status`, `updater`, `update_datetime`, `remark`, `model_code`) values('GY201708231221348095','1-4','弧形单扣','领型袖口矢量图方格图-未选中-21_1503462005352.png',NULL,'0',NULL,NULL,'0','admin','2017-08-23 12:21:34','','MO201708161448405541');
insert into `tdzt_craft` (`code`, `type`, `name`, `pic`, `adv_pic`, `price`, `location`, `order_no`, `status`, `updater`, `update_datetime`, `remark`, `model_code`) values('GY2017082312213480951','1-4','弧形单扣','领型袖口矢量图方格图-未选中-21_1503462005352.png',NULL,'0',NULL,NULL,'0','admin','2017-08-23 12:21:34','','MO201708211548546234');
insert into `tdzt_craft` (`code`, `type`, `name`, `pic`, `adv_pic`, `price`, `location`, `order_no`, `status`, `updater`, `update_datetime`, `remark`, `model_code`) values('GY201708231222041466','1-4','法式直角','领型袖口矢量图方格图-未选中-22_1503462035292.png',NULL,'0',NULL,NULL,'0','admin','2017-08-23 12:22:04','','MO201708161448405541');
insert into `tdzt_craft` (`code`, `type`, `name`, `pic`, `adv_pic`, `price`, `location`, `order_no`, `status`, `updater`, `update_datetime`, `remark`, `model_code`) values('GY2017082312220414661','1-4','法式直角','领型袖口矢量图方格图-未选中-22_1503462035292.png',NULL,'0',NULL,NULL,'0','admin','2017-08-23 12:22:04','','MO201708211548546234');
insert into `tdzt_craft` (`code`, `type`, `name`, `pic`, `adv_pic`, `price`, `location`, `order_no`, `status`, `updater`, `update_datetime`, `remark`, `model_code`) values('GY201708231222276865','1-4','法式圆角','领型袖口矢量图方格图-未选中-23_1503462058772.png',NULL,'0',NULL,NULL,'0','admin','2017-08-23 12:22:27','','MO201708161448405541');
insert into `tdzt_craft` (`code`, `type`, `name`, `pic`, `adv_pic`, `price`, `location`, `order_no`, `status`, `updater`, `update_datetime`, `remark`, `model_code`) values('GY2017082312222768651','1-4','法式圆角','领型袖口矢量图方格图-未选中-23_1503462058772.png',NULL,'0',NULL,NULL,'0','admin','2017-08-23 12:22:27','','MO201708211548546234');
insert into `tdzt_craft` (`code`, `type`, `name`, `pic`, `adv_pic`, `price`, `location`, `order_no`, `status`, `updater`, `update_datetime`, `remark`, `model_code`) values('GY201708231351269380','1-1','长袖','领型袖口矢量图方格图-未选中-01_1503467396404.png',NULL,'0',NULL,NULL,'0','admin','2017-08-23 13:51:26','','MO201708161448405541');
insert into `tdzt_craft` (`code`, `type`, `name`, `pic`, `adv_pic`, `price`, `location`, `order_no`, `status`, `updater`, `update_datetime`, `remark`, `model_code`) values('GY2017082313512693801','1-1','长袖','领型袖口矢量图方格图-未选中-01_1503467396404.png',NULL,'0',NULL,NULL,'0','admin','2017-08-23 13:51:26','','MO201708211548546234');
insert into `tdzt_craft` (`code`, `type`, `name`, `pic`, `adv_pic`, `price`, `location`, `order_no`, `status`, `updater`, `update_datetime`, `remark`, `model_code`) values('GY201708231351465467','1-1','短袖','领型袖口矢量图方格图-未选中-02_1503467416861.png',NULL,'0',NULL,NULL,'0','admin','2017-08-23 13:51:46','','MO201708161448405541');
insert into `tdzt_craft` (`code`, `type`, `name`, `pic`, `adv_pic`, `price`, `location`, `order_no`, `status`, `updater`, `update_datetime`, `remark`, `model_code`) values('GY2017082313514654671','1-1','短袖','领型袖口矢量图方格图-未选中-02_1503467416861.png',NULL,'0',NULL,NULL,'0','admin','2017-08-23 13:51:46','','MO201708211548546234');
insert into `tdzt_craft` (`code`, `type`, `name`, `pic`, `adv_pic`, `price`, `location`, `order_no`, `status`, `updater`, `update_datetime`, `remark`, `model_code`) values('GY201708231415144228','1-8','非常修身','领型袖口矢量图方格图-无字-04_1503468824871.png',NULL,'0',NULL,NULL,'0','admin','2017-08-23 14:15:14','','MO201708161448405541');
insert into `tdzt_craft` (`code`, `type`, `name`, `pic`, `adv_pic`, `price`, `location`, `order_no`, `status`, `updater`, `update_datetime`, `remark`, `model_code`) values('GY2017082314151442281','1-8','非常修身','领型袖口矢量图方格图-无字-04_1503468824871.png',NULL,'0',NULL,NULL,'0','admin','2017-08-23 14:15:14','','MO201708211548546234');
insert into `tdzt_craft` (`code`, `type`, `name`, `pic`, `adv_pic`, `price`, `location`, `order_no`, `status`, `updater`, `update_datetime`, `remark`, `model_code`) values('GY201708231415574020','1-8','很修身','领型袖口矢量图方格图-无字-03_1503468867746.png',NULL,'0',NULL,NULL,'0','admin','2017-08-23 14:15:57','','MO201708161448405541');
insert into `tdzt_craft` (`code`, `type`, `name`, `pic`, `adv_pic`, `price`, `location`, `order_no`, `status`, `updater`, `update_datetime`, `remark`, `model_code`) values('GY2017082314155740201','1-8','很修身','领型袖口矢量图方格图-无字-03_1503468867746.png',NULL,'0',NULL,NULL,'0','admin','2017-08-23 14:15:57','','MO201708211548546234');
insert into `tdzt_craft` (`code`, `type`, `name`, `pic`, `adv_pic`, `price`, `location`, `order_no`, `status`, `updater`, `update_datetime`, `remark`, `model_code`) values('GY201708231416319611','1-8','修身','领型袖口矢量图方格图-无字-03_1503468902656.png',NULL,'0',NULL,NULL,'0','admin','2017-08-23 14:16:31','','MO201708161448405541');
insert into `tdzt_craft` (`code`, `type`, `name`, `pic`, `adv_pic`, `price`, `location`, `order_no`, `status`, `updater`, `update_datetime`, `remark`, `model_code`) values('GY2017082314163196111','1-8','修身','领型袖口矢量图方格图-无字-03_1503468902656.png',NULL,'0',NULL,NULL,'0','admin','2017-08-23 14:16:31','','MO201708211548546234');
insert into `tdzt_craft` (`code`, `type`, `name`, `pic`, `adv_pic`, `price`, `location`, `order_no`, `status`, `updater`, `update_datetime`, `remark`, `model_code`) values('GY201708231417189797','1-8','正常偏瘦','领型袖口矢量图方格图-无字-03_1503468949455.png',NULL,'0',NULL,NULL,'0','admin','2017-08-23 14:17:18','','MO201708161448405541');
insert into `tdzt_craft` (`code`, `type`, `name`, `pic`, `adv_pic`, `price`, `location`, `order_no`, `status`, `updater`, `update_datetime`, `remark`, `model_code`) values('GY2017082314171897971','1-8','正常偏瘦','领型袖口矢量图方格图-无字-03_1503468949455.png',NULL,'0',NULL,NULL,'0','admin','2017-08-23 14:17:18','','MO201708211548546234');
insert into `tdzt_craft` (`code`, `type`, `name`, `pic`, `adv_pic`, `price`, `location`, `order_no`, `status`, `updater`, `update_datetime`, `remark`, `model_code`) values('GY2017082314173763616','1-8','正常','领型袖口矢量图方格图-无字-03_1503468968399.png',NULL,'0',NULL,NULL,'0','admin','2017-08-23 14:17:37','','MO201708211548546234');
insert into `tdzt_craft` (`code`, `type`, `name`, `pic`, `adv_pic`, `price`, `location`, `order_no`, `status`, `updater`, `update_datetime`, `remark`, `model_code`) values('GY201708231417376366','1-8','正常','领型袖口矢量图方格图-无字-03_1503468968399.png',NULL,'0',NULL,NULL,'0','admin','2017-08-23 14:17:37','','MO201708161448405541');
insert into `tdzt_craft` (`code`, `type`, `name`, `pic`, `adv_pic`, `price`, `location`, `order_no`, `status`, `updater`, `update_datetime`, `remark`, `model_code`) values('GY201708231418022704','1-8','非常肥胖','领型袖口矢量图方格图-无字-03_1503468992621.png',NULL,'0',NULL,NULL,'0','admin','2017-08-23 14:18:02','','MO201708161448405541');
insert into `tdzt_craft` (`code`, `type`, `name`, `pic`, `adv_pic`, `price`, `location`, `order_no`, `status`, `updater`, `update_datetime`, `remark`, `model_code`) values('GY2017082314180227041','1-8','非常肥胖','领型袖口矢量图方格图-无字-03_1503468992621.png',NULL,'0',NULL,NULL,'0','admin','2017-08-23 14:18:02','','MO201708211548546234');
insert into `tdzt_craft` (`code`, `type`, `name`, `pic`, `adv_pic`, `price`, `location`, `order_no`, `status`, `updater`, `update_datetime`, `remark`, `model_code`) values('GY201708231418371904','1-8','宽松','领型袖口矢量图方格图-无字-03_1503469028011.png',NULL,'0',NULL,NULL,'0','admin','2017-08-23 14:18:37','','MO201708161448405541');
insert into `tdzt_craft` (`code`, `type`, `name`, `pic`, `adv_pic`, `price`, `location`, `order_no`, `status`, `updater`, `update_datetime`, `remark`, `model_code`) values('GY2017082314183719041','1-8','宽松','领型袖口矢量图方格图-无字-03_1503469028011.png',NULL,'0',NULL,NULL,'0','admin','2017-08-23 14:18:37','','MO201708211548546234');
insert into `tdzt_craft` (`code`, `type`, `name`, `pic`, `adv_pic`, `price`, `location`, `order_no`, `status`, `updater`, `update_datetime`, `remark`, `model_code`) values('GY201708231419016967','1-8','很宽松','领型袖口矢量图方格图-无字-03_1503469052730.png',NULL,'0',NULL,NULL,'0','admin','2017-08-23 14:19:01','','MO201708161448405541');
insert into `tdzt_craft` (`code`, `type`, `name`, `pic`, `adv_pic`, `price`, `location`, `order_no`, `status`, `updater`, `update_datetime`, `remark`, `model_code`) values('GY2017082314190169671','1-8','很宽松','领型袖口矢量图方格图-无字-03_1503469052730.png',NULL,'0',NULL,NULL,'0','admin','2017-08-23 14:19:01','','MO201708211548546234');
insert into `tdzt_craft` (`code`, `type`, `name`, `pic`, `adv_pic`, `price`, `location`, `order_no`, `status`, `updater`, `update_datetime`, `remark`, `model_code`) values('GY201708231419269760','1-8','非常宽松','领型袖口矢量图方格图-无字-03_1503469077816.png',NULL,'0',NULL,NULL,'0','admin','2017-08-23 14:19:26','','MO201708161448405541');
insert into `tdzt_craft` (`code`, `type`, `name`, `pic`, `adv_pic`, `price`, `location`, `order_no`, `status`, `updater`, `update_datetime`, `remark`, `model_code`) values('GY2017082314192697601','1-8','非常宽松','领型袖口矢量图方格图-无字-03_1503469077816.png',NULL,'0',NULL,NULL,'0','admin','2017-08-23 14:19:26','','MO201708211548546234');
insert into `tdzt_craft` (`code`, `type`, `name`, `pic`, `adv_pic`, `price`, `location`, `order_no`, `status`, `updater`, `update_datetime`, `remark`, `model_code`) values('GY201708231424010161','5-2','左袖头外','领型袖口矢量图方格图-无字-15_1503469351807.png',NULL,'0',NULL,NULL,'0','admin','2017-08-23 14:24:01','','MO201708161448405541');
insert into `tdzt_craft` (`code`, `type`, `name`, `pic`, `adv_pic`, `price`, `location`, `order_no`, `status`, `updater`, `update_datetime`, `remark`, `model_code`) values('GY2017082314240101611','5-2','左袖头外','领型袖口矢量图方格图-无字-15_1503469351807.png',NULL,'0',NULL,NULL,'0','admin','2017-08-23 14:24:01','','MO201708211548546234');
insert into `tdzt_craft` (`code`, `type`, `name`, `pic`, `adv_pic`, `price`, `location`, `order_no`, `status`, `updater`, `update_datetime`, `remark`, `model_code`) values('GY201708231424374467','5-2','右袖头外','领型袖口矢量图方格图-无字-15_1503469387661.png',NULL,'0',NULL,NULL,'0','admin','2017-08-23 14:24:37','','MO201708161448405541');
insert into `tdzt_craft` (`code`, `type`, `name`, `pic`, `adv_pic`, `price`, `location`, `order_no`, `status`, `updater`, `update_datetime`, `remark`, `model_code`) values('GY2017082314243744671','5-2','右袖头外','领型袖口矢量图方格图-无字-15_1503469387661.png',NULL,'0',NULL,NULL,'0','admin','2017-08-23 14:24:37','','MO201708211548546234');
insert into `tdzt_craft` (`code`, `type`, `name`, `pic`, `adv_pic`, `price`, `location`, `order_no`, `status`, `updater`, `update_datetime`, `remark`, `model_code`) values('GY201708231425062366','5-2','口袋右侧','领型袖口矢量图方格图-无字-15_1503469417001.png',NULL,'0',NULL,NULL,'0','admin','2017-08-23 14:25:06','','MO201708161448405541');
insert into `tdzt_craft` (`code`, `type`, `name`, `pic`, `adv_pic`, `price`, `location`, `order_no`, `status`, `updater`, `update_datetime`, `remark`, `model_code`) values('GY2017082314250623661','5-2','口袋右侧','领型袖口矢量图方格图-无字-15_1503469417001.png',NULL,'0',NULL,NULL,'0','admin','2017-08-23 14:25:06','','MO201708211548546234');
insert into `tdzt_craft` (`code`, `type`, `name`, `pic`, `adv_pic`, `price`, `location`, `order_no`, `status`, `updater`, `update_datetime`, `remark`, `model_code`) values('GY201708231425514346','5-2','左胸','领型袖口矢量图方格图-无字-15_1503469461376.png',NULL,'0',NULL,NULL,'0','admin','2017-08-23 14:25:51','','MO201708161448405541');
insert into `tdzt_craft` (`code`, `type`, `name`, `pic`, `adv_pic`, `price`, `location`, `order_no`, `status`, `updater`, `update_datetime`, `remark`, `model_code`) values('GY2017082314255143461','5-2','左胸','领型袖口矢量图方格图-无字-15_1503469461376.png',NULL,'0',NULL,NULL,'0','admin','2017-08-23 14:25:51','','MO201708211548546234');
insert into `tdzt_craft` (`code`, `type`, `name`, `pic`, `adv_pic`, `price`, `location`, `order_no`, `status`, `updater`, `update_datetime`, `remark`, `model_code`) values('GY201708231426228145','5-2','左腰','领型袖口矢量图方格图-无字-03_1503469493272.png',NULL,'0',NULL,NULL,'0','admin','2017-08-23 14:26:22','','MO201708161448405541');
insert into `tdzt_craft` (`code`, `type`, `name`, `pic`, `adv_pic`, `price`, `location`, `order_no`, `status`, `updater`, `update_datetime`, `remark`, `model_code`) values('GY2017082314262281451','5-2','左腰','领型袖口矢量图方格图-无字-03_1503469493272.png',NULL,'0',NULL,NULL,'0','admin','2017-08-23 14:26:22','','MO201708211548546234');
insert into `tdzt_craft` (`code`, `type`, `name`, `pic`, `adv_pic`, `price`, `location`, `order_no`, `status`, `updater`, `update_datetime`, `remark`, `model_code`) values('GY201708231427041761','5-2','领底面中','领型袖口矢量图方格图-无字-03_1503469534779.png',NULL,'0',NULL,NULL,'0','admin','2017-08-23 14:27:04','','MO201708161448405541');
insert into `tdzt_craft` (`code`, `type`, `name`, `pic`, `adv_pic`, `price`, `location`, `order_no`, `status`, `updater`, `update_datetime`, `remark`, `model_code`) values('GY2017082314270417611','5-2','领底面中','领型袖口矢量图方格图-无字-03_1503469534779.png',NULL,'0',NULL,NULL,'0','admin','2017-08-23 14:27:04','','MO201708211548546234');
insert into `tdzt_craft` (`code`, `type`, `name`, `pic`, `adv_pic`, `price`, `location`, `order_no`, `status`, `updater`, `update_datetime`, `remark`, `model_code`) values('GY201708231428001263','5-2','右门襟底部','领型袖口矢量图方格图-无字-04_1503469590737.png',NULL,'0',NULL,NULL,'0','admin','2017-08-23 14:28:00','','MO201708161448405541');
insert into `tdzt_craft` (`code`, `type`, `name`, `pic`, `adv_pic`, `price`, `location`, `order_no`, `status`, `updater`, `update_datetime`, `remark`, `model_code`) values('GY2017082314280012631','5-2','右门襟底部','领型袖口矢量图方格图-无字-04_1503469590737.png',NULL,'0',NULL,NULL,'0','admin','2017-08-23 14:28:00',NULL,'MO201708161448405541');
insert into `tdzt_craft` (`code`, `type`, `name`, `pic`, `adv_pic`, `price`, `location`, `order_no`, `status`, `updater`, `update_datetime`, `remark`, `model_code`) values('GY20170823142800126311','5-2','右门襟底部','领型袖口矢量图方格图-无字-04_1503469590737.png',NULL,'0',NULL,NULL,'0','admin','2017-08-23 14:28:00',NULL,'MO201708211548546234');





insert into `tsys_config` (`type`, `ckey`, `cvalue`, `updater`, `update_datetime`, `remark`, `company_code`, `system_code`) values('0','KDF','10','admin','2017-08-17 21:28:57','快递费','CD-CDZT000009','CD-CDZT000009');
insert into `tsys_config` (`type`, `ckey`, `cvalue`, `updater`, `update_datetime`, `remark`, `company_code`, `system_code`) values('0','BZF','10','ADMIN','2017-08-17 21:28:57','包装费','CD-CDZT000009','CD-CDZT000009');
insert into `tsys_config` (`type`, `ckey`, `cvalue`, `updater`, `update_datetime`, `remark`, `company_code`, `system_code`) values('0','HYF','1280','admin','2017-08-23 10:18:53','会员费','CD-CDZT000009','CD-CDZT000009');
insert into `tsys_config` (`type`, `ckey`, `cvalue`, `updater`, `update_datetime`, `remark`, `company_code`, `system_code`) values('3','CSHHRFC','0.14','ADMIN','2017-08-17 21:28:57','合伙人衬衫分成','CD-CDZT000009','CD-CDZT000009');
insert into `tsys_config` (`type`, `ckey`, `cvalue`, `updater`, `update_datetime`, `remark`, `company_code`, `system_code`) values('3','CSLTSFC','0.15','ADMIN','2017-08-17 21:28:57','量体师衬衫分成','CD-CDZT000009','CD-CDZT000009');
insert into `tsys_config` (`type`, `ckey`, `cvalue`, `updater`, `update_datetime`, `remark`, `company_code`, `system_code`) values('3','HHHRFC','0.19','ADMIN','2017-08-17 21:28:57','合伙人H+分成','CD-CDZT000009','CD-CDZT000009');
insert into `tsys_config` (`type`, `ckey`, `cvalue`, `updater`, `update_datetime`, `remark`, `company_code`, `system_code`) values('3','HLTSFC','0.11','ADMIN','2017-08-17 21:28:57','量体师H+分成','CD-CDZT000009','CD-CDZT000009');
insert into `tsys_config` (`type`, `ckey`, `cvalue`, `updater`, `update_datetime`, `remark`, `company_code`, `system_code`) values('4','SCTJ','1500','ADMIN','2017-08-17 21:28:57','推荐首次下单成功获得积分','CD-CDZT000009','CD-CDZT000009');
insert into `tsys_config` (`type`, `ckey`, `cvalue`, `updater`, `update_datetime`, `remark`, `company_code`, `system_code`) values('4','DCTJ','20','ADMIN','2017-08-17 21:28:57','多次下单成功消费满多少兑换1积分','CD-CDZT000009','CD-CDZT000009');
insert into `tsys_config` (`type`, `ckey`, `cvalue`, `updater`, `update_datetime`, `remark`, `company_code`, `system_code`) values('4','YHHD','10','ADMIN','2017-08-17 21:28:57','用户自己消费每满多少可以兑换1积分','CD-CDZT000009','CD-CDZT000009');
insert into `tsys_config` (`type`, `ckey`, `cvalue`, `updater`, `update_datetime`, `remark`, `company_code`, `system_code`) values('4','HSCJY','1500','ADMIN','2017-08-17 21:28:57','首次推荐加积分','CD-CDZT000009','CD-CDZT000009');
insert into `tsys_config` (`type`, `ckey`, `cvalue`, `updater`, `update_datetime`, `remark`, `company_code`, `system_code`) values('4','HDCJY','1','ADMIN','2017-08-17 21:28:57','会员多次推荐加积分比例','CD-CDZT000009','CD-CDZT000009');
insert into `tsys_config` (`type`, `ckey`, `cvalue`, `updater`, `update_datetime`, `remark`, `company_code`, `system_code`) values('4','FDCJY','1','ADMIN','2017-08-17 21:28:57','非会员多次推荐加积分比例','CD-CDZT000009','CD-CDZT000009');
insert into `tsys_config` (`type`, `ckey`, `cvalue`, `updater`, `update_datetime`, `remark`, `company_code`, `system_code`) values('4','YHJY','1','ADMIN','2017-08-17 21:28:57','用户消费送积分比例','CD-CDZT000009','CD-CDZT000009');
insert into `tsys_config` (`type`, `ckey`, `cvalue`, `updater`, `update_datetime`, `remark`, `company_code`, `system_code`) values('4','FHY','2','admin','2017-08-17 21:28:57','非会员是会员价的几倍','CD-CDZT000009','CD-CDZT000009');
insert into `tsys_config` (`type`, `ckey`, `cvalue`, `updater`, `update_datetime`, `remark`, `company_code`, `system_code`) values('1','ONE','29999','admin','2017-08-17 21:28:57','银卡会员','CD-CDZT000009','CD-CDZT000009');
insert into `tsys_config` (`type`, `ckey`, `cvalue`, `updater`, `update_datetime`, `remark`, `company_code`, `system_code`) values('1','TWO','99999','admin','2017-08-17 21:28:57','金卡会员','CD-CDZT000009','CD-CDZT000009');
insert into `tsys_config` (`type`, `ckey`, `cvalue`, `updater`, `update_datetime`, `remark`, `company_code`, `system_code`) values('1','THREE','199999','admin','2017-08-17 21:28:57','铂金会员','CD-CDZT000009','CD-CDZT000009');
insert into `tsys_config` (`type`, `ckey`, `cvalue`, `updater`, `update_datetime`, `remark`, `company_code`, `system_code`) values('1','FOUR','200000','admin','2017-08-17 21:28:57','钻石会员','CD-CDZT000009','CD-CDZT000009');
insert into `tsys_config` (`type`, `ckey`, `cvalue`, `updater`, `update_datetime`, `remark`, `company_code`, `system_code`) values('2','XKH','1','ADMIN','2017-08-17 21:28:57','初次下单','CD-CDZT000009','CD-CDZT000009');
insert into `tsys_config` (`type`, `ckey`, `cvalue`, `updater`, `update_datetime`, `remark`, `company_code`, `system_code`) values('2','LKH','3','ADMIN','2017-08-17 21:28:57','最近三个月内第二次下单的客户','CD-CDZT000009','CD-CDZT000009');
insert into `tsys_config` (`type`, `ckey`, `cvalue`, `updater`, `update_datetime`, `remark`, `company_code`, `system_code`) values('2','HY','5','ADMIN','2017-08-17 21:28:57','最近三个月内下单数≥3次，＜5次的客户','CD-CDZT000009','CD-CDZT000009');
insert into `tsys_config` (`type`, `ckey`, `cvalue`, `updater`, `update_datetime`, `remark`, `company_code`, `system_code`) values('2','FCHY','5','ADMIN','2017-08-17 21:28:57','最近三个月内下单数≥5次的客户','CD-CDZT000009','CD-CDZT000009');
insert into `tsys_config` (`type`, `ckey`, `cvalue`, `updater`, `update_datetime`, `remark`, `company_code`, `system_code`) values('2','YLSCS','0','ADMIN','2017-08-17 21:28:57','最近三个月内没有再次下单的客户','CD-CDZT000009','CD-CDZT000009');
insert into `tsys_config` (`type`, `ckey`, `cvalue`, `updater`, `update_datetime`, `remark`, `company_code`, `system_code`) values('2','LSCS','0','ADMIN','2017-08-17 21:28:57','最近半年内没有再次下单的客户','CD-CDZT000009','CD-CDZT000009');
insert into `tsys_config` (`type`, `ckey`, `cvalue`, `updater`, `update_datetime`, `remark`, `company_code`, `system_code`) values('2','DMOTHED','6','ADMIN','2017-08-17 21:28:57','多久没有订单为流失客户','CD-CDZT000009','CD-CDZT000009');
insert into `tsys_config` (`type`, `ckey`, `cvalue`, `updater`, `update_datetime`, `remark`, `company_code`, `system_code`) values('2','SMOTHED','3','admin','2017-08-23 10:16:31','多久没有订单为预流失客户','CD-CDZT000009','CD-CDZT000009');
