insert into `tsys_config` (`type`, `ckey`, `cvalue`, `updater`, `update_datetime`, `remark`, `company_code`, `system_code`) values('0','KDF','10','admin',now(),'快递费','CD-CDZT000009','CD-CDZT000009');
insert into `tsys_config` (`type`, `ckey`, `cvalue`, `updater`, `update_datetime`, `remark`, `company_code`, `system_code`) values('0','BZF','50','admin',now(),'包装费','CD-CDZT000009','CD-CDZT000009');
insert into `tsys_config` (`type`, `ckey`, `cvalue`, `updater`, `update_datetime`, `remark`, `company_code`, `system_code`) values('0','HYF','1280','admin',now(),'会员费','CD-CDZT000009','CD-CDZT000009');
insert into `tsys_config` (`type`, `ckey`, `cvalue`, `updater`, `update_datetime`, `remark`, `company_code`, `system_code`) values('0','FHY','2','admin',now(),'非会员是会员价的几倍','CD-CDZT000009','CD-CDZT000009');
insert into `tsys_config` (`type`, `ckey`, `cvalue`, `updater`, `update_datetime`, `remark`, `company_code`, `system_code`) values('3','CSHHRFC','0.19','admin',now(),'合伙人衬衫分成','CD-CDZT000009','CD-CDZT000009');
insert into `tsys_config` (`type`, `ckey`, `cvalue`, `updater`, `update_datetime`, `remark`, `company_code`, `system_code`) values('3','CSLTSFC','0.14','admin',now(),'量体师衬衫分成','CD-CDZT000009','CD-CDZT000009');
insert into `tsys_config` (`type`, `ckey`, `cvalue`, `updater`, `update_datetime`, `remark`, `company_code`, `system_code`) values('3','HHHRFC','0.155','admin',now(),'合伙人H+分成','CD-CDZT000009','CD-CDZT000009');
insert into `tsys_config` (`type`, `ckey`, `cvalue`, `updater`, `update_datetime`, `remark`, `company_code`, `system_code`) values('3','HLTSFC','0.12','admin',now(),'量体师H+分成','CD-CDZT000009','CD-CDZT000009');
insert into `tsys_config` (`type`, `ckey`, `cvalue`, `updater`, `update_datetime`, `remark`, `company_code`, `system_code`) values('4','SCTJ','1500','admin',now(),'会员：推荐首次下单成功获得积分','CD-CDZT000009','CD-CDZT000009');
insert into `tsys_config` (`type`, `ckey`, `cvalue`, `updater`, `update_datetime`, `remark`, `company_code`, `system_code`) values('4','DCTJ','20','admin',now(),'会员：多次下单成功消费满多少兑换1积分','CD-CDZT000009','CD-CDZT000009');
insert into `tsys_config` (`type`, `ckey`, `cvalue`, `updater`, `update_datetime`, `remark`, `company_code`, `system_code`) values('4','YHHD','10','admin',now(),'会员：用户自己消费每满多少可以兑换1积分','CD-CDZT000009','CD-CDZT000009');
insert into `tsys_config` (`type`, `ckey`, `cvalue`, `updater`, `update_datetime`, `remark`, `company_code`, `system_code`) values('5','HSCJY','1500','admin',now(),'会员：首次推荐下单并成功消费送经验','CD-CDZT000009','CD-CDZT000009');
insert into `tsys_config` (`type`, `ckey`, `cvalue`, `updater`, `update_datetime`, `remark`, `company_code`, `system_code`) values('5','HDCJY','1','admin',now(),'会员：会员推荐会员并多次下单送经验比例','CD-CDZT000009','CD-CDZT000009');
insert into `tsys_config` (`type`, `ckey`, `cvalue`, `updater`, `update_datetime`, `remark`, `company_code`, `system_code`) values('5','FDCJY','0.5','admin',now(),'会员：会员推荐非会员多次下单送经验比例','CD-CDZT000009','CD-CDZT000009');
insert into `tsys_config` (`type`, `ckey`, `cvalue`, `updater`, `update_datetime`, `remark`, `company_code`, `system_code`) values('5','YHJY','1','admin',now(),'会员：会员消费送经验比例','CD-CDZT000009','CD-CDZT000009');
insert into `tsys_config` (`type`, `ckey`, `cvalue`, `updater`, `update_datetime`, `remark`, `company_code`, `system_code`) values('1','ONE','29999','admin',now(),'银卡会员','CD-CDZT000009','CD-CDZT000009');
insert into `tsys_config` (`type`, `ckey`, `cvalue`, `updater`, `update_datetime`, `remark`, `company_code`, `system_code`) values('1','TWO','99999','admin',now(),'金卡会员','CD-CDZT000009','CD-CDZT000009');
insert into `tsys_config` (`type`, `ckey`, `cvalue`, `updater`, `update_datetime`, `remark`, `company_code`, `system_code`) values('1','THREE','199999','admin',now(),'铂金会员','CD-CDZT000009','CD-CDZT000009');
insert into `tsys_config` (`type`, `ckey`, `cvalue`, `updater`, `update_datetime`, `remark`, `company_code`, `system_code`) values('1','FOUR','200000','admin',now(),'钻石会员','CD-CDZT000009','CD-CDZT000009');
insert into `tsys_config` (`type`, `ckey`, `cvalue`, `updater`, `update_datetime`, `remark`, `company_code`, `system_code`) values('2','XKH','1','admin',now(),'初次下单','CD-CDZT000009','CD-CDZT000009');
insert into `tsys_config` (`type`, `ckey`, `cvalue`, `updater`, `update_datetime`, `remark`, `company_code`, `system_code`) values('2','LKH','3','admin',now(),'最近三个月内第二次下单的客户','CD-CDZT000009','CD-CDZT000009');
insert into `tsys_config` (`type`, `ckey`, `cvalue`, `updater`, `update_datetime`, `remark`, `company_code`, `system_code`) values('2','HY','5','admin',now(),'最近三个月内下单数≥3次，＜5次的客户','CD-CDZT000009','CD-CDZT000009');
insert into `tsys_config` (`type`, `ckey`, `cvalue`, `updater`, `update_datetime`, `remark`, `company_code`, `system_code`) values('2','FCHY','5','admin',now(),'最近三个月内下单数≥5次的客户','CD-CDZT000009','CD-CDZT000009');
insert into `tsys_config` (`type`, `ckey`, `cvalue`, `updater`, `update_datetime`, `remark`, `company_code`, `system_code`) values('2','YLSCS','0','admin',now(),'最近三个月内没有再次下单的客户','CD-CDZT000009','CD-CDZT000009');
insert into `tsys_config` (`type`, `ckey`, `cvalue`, `updater`, `update_datetime`, `remark`, `company_code`, `system_code`) values('2','LSCS','0','admin',now(),'最近半年内没有再次下单的客户','CD-CDZT000009','CD-CDZT000009');
insert into `tsys_config` (`type`, `ckey`, `cvalue`, `updater`, `update_datetime`, `remark`, `company_code`, `system_code`) values('2','DMOTHED','6','admin',now(),'多久没有订单为流失客户','CD-CDZT000009','CD-CDZT000009');
insert into `tsys_config` (`type`, `ckey`, `cvalue`, `updater`, `update_datetime`, `remark`, `company_code`, `system_code`) values('2','SMOTHED','3','admin',now(),'多久没有订单为预流失客户','CD-CDZT000009','CD-CDZT000009');


insert into `tsys_dict` (`type`, `parent_key`, `dkey`, `dvalue`, `updater`, `update_datetime`, `remark`, `system_code`) values('0',NULL,'4-01','特体体型','admin',now(),NULL,'CD-CDZT000009');
insert into `tsys_dict` (`type`, `parent_key`, `dkey`, `dvalue`, `updater`, `update_datetime`, `remark`, `system_code`) values('1','4-01','A','正常体型','admin',now(),NULL,'CD-CDZT000009');
insert into `tsys_dict` (`type`, `parent_key`, `dkey`, `dvalue`, `updater`, `update_datetime`, `remark`, `system_code`) values('1','4-01','B','特殊体型','admin',now(),NULL,'CD-CDZT000009');
insert into `tsys_dict` (`type`, `parent_key`, `dkey`, `dvalue`, `updater`, `update_datetime`, `remark`, `system_code`) values('0',NULL,'4-02','背型','admin',now(),NULL,'CD-CDZT000009');
insert into `tsys_dict` (`type`, `parent_key`, `dkey`, `dvalue`, `updater`, `update_datetime`, `remark`, `system_code`) values('1','4-02','A','正常','admin',now(),NULL,'CD-CDZT000009');
insert into `tsys_dict` (`type`, `parent_key`, `dkey`, `dvalue`, `updater`, `update_datetime`, `remark`, `system_code`) values('1','4-02','B','驼背','admin',now(),NULL,'CD-CDZT000009');
insert into `tsys_dict` (`type`, `parent_key`, `dkey`, `dvalue`, `updater`, `update_datetime`, `remark`, `system_code`) values('0','','4-03','左肩','admin',now(),NULL,'CD-CDZT000009');
insert into `tsys_dict` (`type`, `parent_key`, `dkey`, `dvalue`, `updater`, `update_datetime`, `remark`, `system_code`) values('1','4-03','A','正常','admin',now(),NULL,'CD-CDZT000009');
insert into `tsys_dict` (`type`, `parent_key`, `dkey`, `dvalue`, `updater`, `update_datetime`, `remark`, `system_code`) values('1','4-03','B','偏高','admin',now(),NULL,'CD-CDZT000009');
insert into `tsys_dict` (`type`, `parent_key`, `dkey`, `dvalue`, `updater`, `update_datetime`, `remark`, `system_code`) values('1','4-03','C','偏低','admin',now(),NULL,'CD-CDZT000009');
insert into `tsys_dict` (`type`, `parent_key`, `dkey`, `dvalue`, `updater`, `update_datetime`, `remark`, `system_code`) values('0','','4-04','右肩','admin',now(),NULL,'CD-CDZT000009');
insert into `tsys_dict` (`type`, `parent_key`, `dkey`, `dvalue`, `updater`, `update_datetime`, `remark`, `system_code`) values('1','4-04','A','正常','admin',now(),NULL,'CD-CDZT000009');
insert into `tsys_dict` (`type`, `parent_key`, `dkey`, `dvalue`, `updater`, `update_datetime`, `remark`, `system_code`) values('1','4-04','B','偏高','admin',now(),NULL,'CD-CDZT000009');
insert into `tsys_dict` (`type`, `parent_key`, `dkey`, `dvalue`, `updater`, `update_datetime`, `remark`, `system_code`) values('1','4-04','C','偏低','admin',now(),NULL,'CD-CDZT000009');
insert into `tsys_dict` (`type`, `parent_key`, `dkey`, `dvalue`, `updater`, `update_datetime`, `remark`, `system_code`) values('0','','4-05','脖子','admin',now(),NULL,'CD-CDZT000009');
insert into `tsys_dict` (`type`, `parent_key`, `dkey`, `dvalue`, `updater`, `update_datetime`, `remark`, `system_code`) values('1','4-05','A','正常','admin',now(),NULL,'CD-CDZT000009');
insert into `tsys_dict` (`type`, `parent_key`, `dkey`, `dvalue`, `updater`, `update_datetime`, `remark`, `system_code`) values('1','4-05','B','短脖','admin',now(),NULL,'CD-CDZT000009');
insert into `tsys_dict` (`type`, `parent_key`, `dkey`, `dvalue`, `updater`, `update_datetime`, `remark`, `system_code`) values('1','4-05','C','歪脖','admin',now(),'','CD-CDZT000009');
insert into `tsys_dict` (`type`, `parent_key`, `dkey`, `dvalue`, `updater`, `update_datetime`, `remark`, `system_code`) values('1','4-05','D','长脖','admin',now(),'','CD-CDZT000009');
insert into `tsys_dict` (`type`, `parent_key`, `dkey`, `dvalue`, `updater`, `update_datetime`, `remark`, `system_code`) values('0','','4-06','肤色','admin',now(),'','CD-CDZT000009');
insert into `tsys_dict` (`type`, `parent_key`, `dkey`, `dvalue`, `updater`, `update_datetime`, `remark`, `system_code`) values('1','4-06','A','正常','admin',now(),'','CD-CDZT000009');
insert into `tsys_dict` (`type`, `parent_key`, `dkey`, `dvalue`, `updater`, `update_datetime`, `remark`, `system_code`) values('1','4-06','B','偏白','admin',now(),'','CD-CDZT000009');
insert into `tsys_dict` (`type`, `parent_key`, `dkey`, `dvalue`, `updater`, `update_datetime`, `remark`, `system_code`) values('1','4-06','C','偏黑','admin',now(),'','CD-CDZT000009');
insert into `tsys_dict` (`type`, `parent_key`, `dkey`, `dvalue`, `updater`, `update_datetime`, `remark`, `system_code`) values('0','','4-07','肚型','admin',now(),'','CD-CDZT000009');
insert into `tsys_dict` (`type`, `parent_key`, `dkey`, `dvalue`, `updater`, `update_datetime`, `remark`, `system_code`) values('1','4-07','A','正常','admin',now(),'','CD-CDZT000009');
insert into `tsys_dict` (`type`, `parent_key`, `dkey`, `dvalue`, `updater`, `update_datetime`, `remark`, `system_code`) values('1','4-07','B','有小肚','admin',now(),'','CD-CDZT000009');
insert into `tsys_dict` (`type`, `parent_key`, `dkey`, `dvalue`, `updater`, `update_datetime`, `remark`, `system_code`) values('1','4-07','C','大肚','admin',now(),'','CD-CDZT000009');
insert into `tsys_dict` (`type`, `parent_key`, `dkey`, `dvalue`, `updater`, `update_datetime`, `remark`, `system_code`) values('0','','4-08','色彩','admin',now(),'','CD-CDZT000009');
insert into `tsys_dict` (`type`, `parent_key`, `dkey`, `dvalue`, `updater`, `update_datetime`, `remark`, `system_code`) values('1','4-08','A','正常','admin',now(),'','CD-CDZT000009');
insert into `tsys_dict` (`type`, `parent_key`, `dkey`, `dvalue`, `updater`, `update_datetime`, `remark`, `system_code`) values('1','4-08','B','彩色','admin',now(),'','CD-CDZT000009');
insert into `tsys_dict` (`type`, `parent_key`, `dkey`, `dvalue`, `updater`, `update_datetime`, `remark`, `system_code`) values('1','4-08','C','黑白','admin',now(),'','CD-CDZT000009');
insert into `tsys_dict` (`type`, `parent_key`, `dkey`, `dvalue`, `updater`, `update_datetime`, `remark`, `system_code`) values('0','','4-09','手臂','admin',now(),'','CD-CDZT000009');
insert into `tsys_dict` (`type`, `parent_key`, `dkey`, `dvalue`, `updater`, `update_datetime`, `remark`, `system_code`) values('1','4-09','A','正常','admin',now(),'','CD-CDZT000009');
insert into `tsys_dict` (`type`, `parent_key`, `dkey`, `dvalue`, `updater`, `update_datetime`, `remark`, `system_code`) values('1','4-09','B','偏长','admin',now(),'','CD-CDZT000009');
insert into `tsys_dict` (`type`, `parent_key`, `dkey`, `dvalue`, `updater`, `update_datetime`, `remark`, `system_code`) values('1','4-09','C','偏短','admin',now(),'','CD-CDZT000009');
insert into `tsys_dict` (`type`, `parent_key`, `dkey`, `dvalue`, `updater`, `update_datetime`, `remark`, `system_code`) values('0','','4-10','对比','admin',now(),'','CD-CDZT000009');
insert into `tsys_dict` (`type`, `parent_key`, `dkey`, `dvalue`, `updater`, `update_datetime`, `remark`, `system_code`) values('1','4-10','A','正常','admin',now(),'','CD-CDZT000009');
insert into `tsys_dict` (`type`, `parent_key`, `dkey`, `dvalue`, `updater`, `update_datetime`, `remark`, `system_code`) values('1','4-10','B','强对比','admin',now(),'','CD-CDZT000009');
insert into `tsys_dict` (`type`, `parent_key`, `dkey`, `dvalue`, `updater`, `update_datetime`, `remark`, `system_code`) values('1','4-10','C','弱对比','admin',now(),'','CD-CDZT000009');
insert into `tsys_dict` (`type`, `parent_key`, `dkey`, `dvalue`, `updater`, `update_datetime`, `remark`, `system_code`) values('0','','4-11','臀型','admin',now(),'','CD-CDZT000009');
insert into `tsys_dict` (`type`, `parent_key`, `dkey`, `dvalue`, `updater`, `update_datetime`, `remark`, `system_code`) values('1','4-11','A','正常','admin',now(),'','CD-CDZT000009');
insert into `tsys_dict` (`type`, `parent_key`, `dkey`, `dvalue`, `updater`, `update_datetime`, `remark`, `system_code`) values('1','4-11','B','偏胖','admin',now(),'','CD-CDZT000009');
insert into `tsys_dict` (`type`, `parent_key`, `dkey`, `dvalue`, `updater`, `update_datetime`, `remark`, `system_code`) values('1','4-11','C','偏瘦','admin',now(),'','CD-CDZT000009');
insert into `tsys_dict` (`type`, `parent_key`, `dkey`, `dvalue`, `updater`, `update_datetime`, `remark`, `system_code`) values('0','','4-12','量感','admin',now(),'','CD-CDZT000009');
insert into `tsys_dict` (`type`, `parent_key`, `dkey`, `dvalue`, `updater`, `update_datetime`, `remark`, `system_code`) values('0','','measure','量体数据','admin',now(),'','CD-CDZT000009');
insert into `tsys_dict` (`type`, `parent_key`, `dkey`, `dvalue`, `updater`, `update_datetime`, `remark`, `system_code`) values('1','measure','1-01','产品规格','admin',now(),'','CD-CDZT000009');
insert into `tsys_dict` (`type`, `parent_key`, `dkey`, `dvalue`, `updater`, `update_datetime`, `remark`, `system_code`) values('2','measure','1-02','衬衫面料','admin',now(),'','CD-CDZT000009');
insert into `tsys_dict` (`type`, `parent_key`, `dkey`, `dvalue`, `updater`, `update_datetime`, `remark`, `system_code`) values('3','measure','1-03','领型选择','admin',now(),'','CD-CDZT000009');
insert into `tsys_dict` (`type`, `parent_key`, `dkey`, `dvalue`, `updater`, `update_datetime`, `remark`, `system_code`) values('4','measure','1-04','袖型选择','admin',now(),'','CD-CDZT000009');
insert into `tsys_dict` (`type`, `parent_key`, `dkey`, `dvalue`, `updater`, `update_datetime`, `remark`, `system_code`) values('5','measure','1-05','门襟选择','admin',now(),'','CD-CDZT000009');
insert into `tsys_dict` (`type`, `parent_key`, `dkey`, `dvalue`, `updater`, `update_datetime`, `remark`, `system_code`) values('6','measure','1-06','收省选择','admin',now(),'','CD-CDZT000009');
insert into `tsys_dict` (`type`, `parent_key`, `dkey`, `dvalue`, `updater`, `update_datetime`, `remark`, `system_code`) values('8','measure','1-07','着装风格','admin',now(),'','CD-CDZT000009');
insert into `tsys_dict` (`type`, `parent_key`, `dkey`, `dvalue`, `updater`, `update_datetime`, `remark`, `system_code`) values('9','measure','1-08','口袋选择','admin',now(),'','CD-CDZT000009');
insert into `tsys_dict` (`type`, `parent_key`, `dkey`, `dvalue`, `updater`, `update_datetime`, `remark`, `system_code`) values('1','measure','2-01','领围','admin',now(),'','CD-CDZT000009');
insert into `tsys_dict` (`type`, `parent_key`, `dkey`, `dvalue`, `updater`, `update_datetime`, `remark`, `system_code`) values('1','measure','2-02','胸围','admin',now(),'','CD-CDZT000009');
insert into `tsys_dict` (`type`, `parent_key`, `dkey`, `dvalue`, `updater`, `update_datetime`, `remark`, `system_code`) values('1','measure','2-03','中腰围','admin',now(),'','CD-CDZT000009');
insert into `tsys_dict` (`type`, `parent_key`, `dkey`, `dvalue`, `updater`, `update_datetime`, `remark`, `system_code`) values('1','measure','2-04','裤腰围','admin',now(),'','CD-CDZT000009');
insert into `tsys_dict` (`type`, `parent_key`, `dkey`, `dvalue`, `updater`, `update_datetime`, `remark`, `system_code`) values('1','measure','2-05','臀围','admin',now(),'','CD-CDZT000009');
insert into `tsys_dict` (`type`, `parent_key`, `dkey`, `dvalue`, `updater`, `update_datetime`, `remark`, `system_code`) values('1','measure','2-06','大腿围','admin',now(),'','CD-CDZT000009');
insert into `tsys_dict` (`type`, `parent_key`, `dkey`, `dvalue`, `updater`, `update_datetime`, `remark`, `system_code`) values('1','measure','2-07','通档','admin',now(),'','CD-CDZT000009');
insert into `tsys_dict` (`type`, `parent_key`, `dkey`, `dvalue`, `updater`, `update_datetime`, `remark`, `system_code`) values('1','measure','2-08','臂围','admin',now(),'','CD-CDZT000009');
insert into `tsys_dict` (`type`, `parent_key`, `dkey`, `dvalue`, `updater`, `update_datetime`, `remark`, `system_code`) values('2','measure','2-09','总肩宽','admin',now(),'','CD-CDZT000009');
insert into `tsys_dict` (`type`, `parent_key`, `dkey`, `dvalue`, `updater`, `update_datetime`, `remark`, `system_code`) values('2','measure','2-10','袖长','admin',now(),'','CD-CDZT000009');
insert into `tsys_dict` (`type`, `parent_key`, `dkey`, `dvalue`, `updater`, `update_datetime`, `remark`, `system_code`) values('2','measure','2-11','前肩宽','admin',now(),'','CD-CDZT000009');
insert into `tsys_dict` (`type`, `parent_key`, `dkey`, `dvalue`, `updater`, `update_datetime`, `remark`, `system_code`) values('2','measure','2-12','后腰节长','admin',now(),'','CD-CDZT000009');
insert into `tsys_dict` (`type`, `parent_key`, `dkey`, `dvalue`, `updater`, `update_datetime`, `remark`, `system_code`) values('2','measure','2-13','后腰长','admin',now(),'','CD-CDZT000009');
insert into `tsys_dict` (`type`, `parent_key`, `dkey`, `dvalue`, `updater`, `update_datetime`, `remark`, `system_code`) values('2','measure','2-14','后衣高','admin',now(),'','CD-CDZT000009');
insert into `tsys_dict` (`type`, `parent_key`, `dkey`, `dvalue`, `updater`, `update_datetime`, `remark`, `system_code`) values('2','measure','2-15','前腰节长','admin',now(),'','CD-CDZT000009');
insert into `tsys_dict` (`type`, `parent_key`, `dkey`, `dvalue`, `updater`, `update_datetime`, `remark`, `system_code`) values('2','measure','2-16','前腰高','admin',now(),'','CD-CDZT000009');
insert into `tsys_dict` (`type`, `parent_key`, `dkey`, `dvalue`, `updater`, `update_datetime`, `remark`, `system_code`) values('2','measure','2-17','裤长','admin',now(),'','CD-CDZT000009');
insert into `tsys_dict` (`type`, `parent_key`, `dkey`, `dvalue`, `updater`, `update_datetime`, `remark`, `system_code`) values('2','measure','2-18','小腿围','admin',now(),'','CD-CDZT000009');
insert into `tsys_dict` (`type`, `parent_key`, `dkey`, `dvalue`, `updater`, `update_datetime`, `remark`, `system_code`) values('2','measure','2-19','前胸宽','admin',now(),NULL,'CD-CDZT000009');
insert into `tsys_dict` (`type`, `parent_key`, `dkey`, `dvalue`, `updater`, `update_datetime`, `remark`, `system_code`) values('2','measure','2-20','后背宽','admin',now(),NULL,'CD-CDZT000009');
insert into `tsys_dict` (`type`, `parent_key`, `dkey`, `dvalue`, `updater`, `update_datetime`, `remark`, `system_code`) values('2','measure','2-21','腹围','admin',now(),NULL,'CD-CDZT000009');
insert into `tsys_dict` (`type`, `parent_key`, `dkey`, `dvalue`, `updater`, `update_datetime`, `remark`, `system_code`) values('2','measure','2-22','小臂围','admin',now(),NULL,'CD-CDZT000009');
insert into `tsys_dict` (`type`, `parent_key`, `dkey`, `dvalue`, `updater`, `update_datetime`, `remark`, `system_code`) values('2','measure','2-23','前衣长','admin',now(),NULL,'CD-CDZT000009');
insert into `tsys_dict` (`type`, `parent_key`, `dkey`, `dvalue`, `updater`, `update_datetime`, `remark`, `system_code`) values('2','measure','2-24','腕围','admin',now(),'','CD-CDZT000009');
insert into `tsys_dict` (`type`, `parent_key`, `dkey`, `dvalue`, `updater`, `update_datetime`, `remark`, `system_code`) values('3','measure','4-01','体型','admin',now(),'','CD-CDZT000009');
insert into `tsys_dict` (`type`, `parent_key`, `dkey`, `dvalue`, `updater`, `update_datetime`, `remark`, `system_code`) values('3','measure','4-02','背型','admin',now(),'','CD-CDZT000009');
insert into `tsys_dict` (`type`, `parent_key`, `dkey`, `dvalue`, `updater`, `update_datetime`, `remark`, `system_code`) values('3','measure','4-03','左肩','admin',now(),'','CD-CDZT000009');
insert into `tsys_dict` (`type`, `parent_key`, `dkey`, `dvalue`, `updater`, `update_datetime`, `remark`, `system_code`) values('3','measure','4-04','右肩','admin',now(),'','CD-CDZT000009');
insert into `tsys_dict` (`type`, `parent_key`, `dkey`, `dvalue`, `updater`, `update_datetime`, `remark`, `system_code`) values('3','measure','4-05','脖子','admin',now(),'','CD-CDZT000009');
insert into `tsys_dict` (`type`, `parent_key`, `dkey`, `dvalue`, `updater`, `update_datetime`, `remark`, `system_code`) values('3','measure','4-06','肤色','admin',now(),'','CD-CDZT000009');
insert into `tsys_dict` (`type`, `parent_key`, `dkey`, `dvalue`, `updater`, `update_datetime`, `remark`, `system_code`) values('3','measure','4-07','肚型','admin',now(),'','CD-CDZT000009');
insert into `tsys_dict` (`type`, `parent_key`, `dkey`, `dvalue`, `updater`, `update_datetime`, `remark`, `system_code`) values('3','measure','4-08','色彩','admin',now(),'','CD-CDZT000009');
insert into `tsys_dict` (`type`, `parent_key`, `dkey`, `dvalue`, `updater`, `update_datetime`, `remark`, `system_code`) values('3','measure','4-09','手臂','admin',now(),NULL,'CD-CDZT000009');
insert into `tsys_dict` (`type`, `parent_key`, `dkey`, `dvalue`, `updater`, `update_datetime`, `remark`, `system_code`) values('3','measure','4-10','对比','admin',now(),NULL,'CD-CDZT000009');
insert into `tsys_dict` (`type`, `parent_key`, `dkey`, `dvalue`, `updater`, `update_datetime`, `remark`, `system_code`) values('3','measure','4-11','臀型','admin',now(),NULL,'CD-CDZT000009');
insert into `tsys_dict` (`type`, `parent_key`, `dkey`, `dvalue`, `updater`, `update_datetime`, `remark`, `system_code`) values('3','measure','4-12','量感','admin',now(),NULL,'CD-CDZT000009');
insert into `tsys_dict` (`type`, `parent_key`, `dkey`, `dvalue`, `updater`, `update_datetime`, `remark`, `system_code`) values('3','measure','5-01','个性刺绣','admin',now(),'','CD-CDZT000009');
insert into `tsys_dict` (`type`, `parent_key`, `dkey`, `dvalue`, `updater`, `update_datetime`, `remark`, `system_code`) values('3','measure','5-02','刺绣位置','admin',now(),'','CD-CDZT000009');
insert into `tsys_dict` (`type`, `parent_key`, `dkey`, `dvalue`, `updater`, `update_datetime`, `remark`, `system_code`) values('4','measure','5-03','刺绣字体','admin',now(),'','CD-CDZT000009');
insert into `tsys_dict` (`type`, `parent_key`, `dkey`, `dvalue`, `updater`, `update_datetime`, `remark`, `system_code`) values('4','measure','5-04','刺绣颜色','admin',now(),'','CD-CDZT000009');
insert into `tsys_dict` (`type`, `parent_key`, `dkey`, `dvalue`, `updater`, `update_datetime`, `remark`, `system_code`) values('4','measure','6-01','年龄(岁)','admin',now(),'','CD-CDZT000009');
insert into `tsys_dict` (`type`, `parent_key`, `dkey`, `dvalue`, `updater`, `update_datetime`, `remark`, `system_code`) values('4','measure','6-03','体重(kg)','admin',now(),'','CD-CDZT000009');
insert into `tsys_dict` (`type`, `parent_key`, `dkey`, `dvalue`, `updater`, `update_datetime`, `remark`, `system_code`) values('4','measure','6-04','邮寄地址','admin',now(),'','CD-CDZT000009');
insert into `tsys_dict` (`type`, `parent_key`, `dkey`, `dvalue`, `updater`, `update_datetime`, `remark`, `system_code`) values('4','measure','6-05','备注','admin',now(),'','CD-CDZT000009');
insert into `tsys_dict` (`type`, `parent_key`, `dkey`, `dvalue`, `updater`, `update_datetime`, `remark`, `system_code`) values('1','4-12','A','正常','admin',now(),NULL,'CD-CDZT000009');
insert into `tsys_dict` (`type`, `parent_key`, `dkey`, `dvalue`, `updater`, `update_datetime`, `remark`, `system_code`) values('1','4-12','B','中量感','admin',now(),NULL,'CD-CDZT000009');
insert into `tsys_dict` (`type`, `parent_key`, `dkey`, `dvalue`, `updater`, `update_datetime`, `remark`, `system_code`) values('1','4-12','C','少量感','admin',now(),NULL,'CD-CDZT000009');



insert into `tdzt_cloth` (`code`, `type`, `brand`, `model_num`, `pic`, `adv_pic`, `color`, `flowers`, `form`, `weight`, `yarn`, `price`, `location`, `order_no`, `status`, `updater`, `update_datetime`, `remark`, `model_code`) values('BL00003','2','花花公子','YDP-PC20206','YDP-PC20206_1493951185945.jpg','YDP-PC20206_1493951185945.jpg','2','4','1','0','1','0','1','2','1','admin',now(),'','MO201708161448405541');
insert into `tdzt_cloth` (`code`, `type`, `brand`, `model_num`, `pic`, `adv_pic`, `color`, `flowers`, `form`, `weight`, `yarn`, `price`, `location`, `order_no`, `status`, `updater`, `update_datetime`, `remark`, `model_code`) values('BL00004','2','花花公子','YDP-PC20203','YDP-PC20203_1493951205798.jpg','YDP-PC20203_1493951205798.jpg','3','1','1','0','1','0','1','2','1','admin',now(),'','MO201708161448405541');
insert into `tdzt_cloth` (`code`, `type`, `brand`, `model_num`, `pic`, `adv_pic`, `color`, `flowers`, `form`, `weight`, `yarn`, `price`, `location`, `order_no`, `status`, `updater`, `update_datetime`, `remark`, `model_code`) values('BL00005','2','花花公子','YDP-PC20218','YDP-PC20218_1493951223626.jpg','YDP-PC20218_1493951223626.jpg','6','2','1','0','1','0','1','2','1','admin',now(),'','MO201708161448405541');
insert into `tdzt_cloth` (`code`, `type`, `brand`, `model_num`, `pic`, `adv_pic`, `color`, `flowers`, `form`, `weight`, `yarn`, `price`, `location`, `order_no`, `status`, `updater`, `update_datetime`, `remark`, `model_code`) values('BL00006','2','花花公子','YPCD208776','YPCD208776_1493951242876.jpg','YPCD208776_1493951242876.jpg','2','2','2','0','1','0','1','2','1','admin',now(),NULL,'MO201708161448405541');
insert into `tdzt_cloth` (`code`, `type`, `brand`, `model_num`, `pic`, `adv_pic`, `color`, `flowers`, `form`, `weight`, `yarn`, `price`, `location`, `order_no`, `status`, `updater`, `update_datetime`, `remark`, `model_code`) values('BL00007','2','花花公子','YDP-PC20208','YDP-PC20208_1493951265431.jpg','YDP-PC20208_1493951265431.jpg','3','2','2','0','1','0','1','2','1','admin',now(),NULL,'MO201708161448405541');
insert into `tdzt_cloth` (`code`, `type`, `brand`, `model_num`, `pic`, `adv_pic`, `color`, `flowers`, `form`, `weight`, `yarn`, `price`, `location`, `order_no`, `status`, `updater`, `update_datetime`, `remark`, `model_code`) values('BL00008','2','花花公子','YDP-PC20220','YDP-PC20220_1493951308202.jpg','YDP-PC20220_1493951308202.jpg','4','2','2','0','1','0','1','2','1','admin',now(),NULL,'MO201708161448405541');
insert into `tdzt_cloth` (`code`, `type`, `brand`, `model_num`, `pic`, `adv_pic`, `color`, `flowers`, `form`, `weight`, `yarn`, `price`, `location`, `order_no`, `status`, `updater`, `update_datetime`, `remark`, `model_code`) values('BL00009','2','花花公子','YDP-PC20222','YDP-PC20222_1493951573841.jpg','YDP-PC20222_1493951573841.jpg','5','3','3','0','1','0','1','2','1','admin',now(),NULL,'MO201708161448405541');
insert into `tdzt_cloth` (`code`, `type`, `brand`, `model_num`, `pic`, `adv_pic`, `color`, `flowers`, `form`, `weight`, `yarn`, `price`, `location`, `order_no`, `status`, `updater`, `update_datetime`, `remark`, `model_code`) values('BL00010','2','花花公子','YDP-PC20223','DPF11008_1493951625093.jpg','DPF11008_1493951625093.jpg','6','3','3','0','1','0','1','2','1','admin',now(),NULL,'MO201708161448405541');
insert into `tdzt_cloth` (`code`, `type`, `brand`, `model_num`, `pic`, `adv_pic`, `color`, `flowers`, `form`, `weight`, `yarn`, `price`, `location`, `order_no`, `status`, `updater`, `update_datetime`, `remark`, `model_code`) values('BL00011','2','花花公子','YDP-PC20224','DPG1148_1493951645598.jpg','DPG1148_1493951645598.jpg','6','3','3','0','1','0','1','2','1','admin',now(),NULL,'MO201708161448405541');
insert into `tdzt_cloth` (`code`, `type`, `brand`, `model_num`, `pic`, `adv_pic`, `color`, `flowers`, `form`, `weight`, `yarn`, `price`, `location`, `order_no`, `status`, `updater`, `update_datetime`, `remark`, `model_code`) values('BL00012','2','花花公子','YDP-PC20225','YDP-PC20222_1493951670714.jpg','YDP-PC20222_1493951670714.jpg','7','3','4','1','1','0','1','2','1','admin',now(),NULL,'MO201708161448405541');
insert into `tdzt_cloth` (`code`, `type`, `brand`, `model_num`, `pic`, `adv_pic`, `color`, `flowers`, `form`, `weight`, `yarn`, `price`, `location`, `order_no`, `status`, `updater`, `update_datetime`, `remark`, `model_code`) values('BL00013','2','花花公子','YDP-PC20226','67040-1_1493951705744.jpg','67040-1_1493951705744.jpg','7','2','4','0','1','0','1','2','1','admin',now(),NULL,'MO201708161448405541');
insert into `tdzt_cloth` (`code`, `type`, `brand`, `model_num`, `pic`, `adv_pic`, `color`, `flowers`, `form`, `weight`, `yarn`, `price`, `location`, `order_no`, `status`, `updater`, `update_datetime`, `remark`, `model_code`) values('BL00014','2','花花公子','YDP-PC20227','LA17-TL-004_1493951723360.jpg','LA17-TL-004_1493951723360.jpg','7','2','4','0','1','0','1','2','1','admin',now(),NULL,'MO201708161448405541');
insert into `tdzt_cloth` (`code`, `type`, `brand`, `model_num`, `pic`, `adv_pic`, `color`, `flowers`, `form`, `weight`, `yarn`, `price`, `location`, `order_no`, `status`, `updater`, `update_datetime`, `remark`, `model_code`) values('BL00015','2','花花公子','YDP-PC20228','LA17-TL-008_1493951746084.jpg','LA17-TL-008_1493951746084.jpg','6','2','4','0','1','0','1','2','1','admin',now(),NULL,'MO201708161448405541');
insert into `tdzt_cloth` (`code`, `type`, `brand`, `model_num`, `pic`, `adv_pic`, `color`, `flowers`, `form`, `weight`, `yarn`, `price`, `location`, `order_no`, `status`, `updater`, `update_datetime`, `remark`, `model_code`) values('BL00016','2','花花公子','YDP-PC20229','LA17-TL-009_1493951765136.jpg','LA17-TL-009_1493951765136.jpg','6','2','5','0','1','0','1','2','1','admin',now(),NULL,'MO201708161448405541');
insert into `tdzt_cloth` (`code`, `type`, `brand`, `model_num`, `pic`, `adv_pic`, `color`, `flowers`, `form`, `weight`, `yarn`, `price`, `location`, `order_no`, `status`, `updater`, `update_datetime`, `remark`, `model_code`) values('BL00017','2','花花公子','YDP-PC20233','146993Y01_1493951805064.jpg','146993Y01_1493951805064.jpg','6','2','5','0','1','0','1','2','1','admin',now(),NULL,'MO201708161448405541');
insert into `tdzt_cloth` (`code`, `type`, `brand`, `model_num`, `pic`, `adv_pic`, `color`, `flowers`, `form`, `weight`, `yarn`, `price`, `location`, `order_no`, `status`, `updater`, `update_datetime`, `remark`, `model_code`) values('BL00018','2','花花公子','YDP-PC20232','206070_1493951820688.jpg','206070_1493951820688.jpg','5','1','5','0','1','0','1','2','1','admin',now(),NULL,'MO201708161448405541');
insert into `tdzt_cloth` (`code`, `type`, `brand`, `model_num`, `pic`, `adv_pic`, `color`, `flowers`, `form`, `weight`, `yarn`, `price`, `location`, `order_no`, `status`, `updater`, `update_datetime`, `remark`, `model_code`) values('BL00019','2','花花公子','YDP-PC20231','206074_1493951839201.jpg','206074_1493951839201.jpg','5','1','2','0','1','0','1','2','1','admin',now(),NULL,'MO201708161448405541');
insert into `tdzt_cloth` (`code`, `type`, `brand`, `model_num`, `pic`, `adv_pic`, `color`, `flowers`, `form`, `weight`, `yarn`, `price`, `location`, `order_no`, `status`, `updater`, `update_datetime`, `remark`, `model_code`) values('BL00020','2','花花公子','YDP-PC20230','LA17-TL-007_1493951876563.jpg','LA17-TL-007_1493951876563.jpg','5','1','3','0','1','0','1','2','1','admin',now(),NULL,'MO201708161448405541');
insert into `tdzt_cloth` (`code`, `type`, `brand`, `model_num`, `pic`, `adv_pic`, `color`, `flowers`, `form`, `weight`, `yarn`, `price`, `location`, `order_no`, `status`, `updater`, `update_datetime`, `remark`, `model_code`) values('BL00103','2','花花公子','YDP-PC20206','YDP-PC20206_1493951196988.jpg','YDP-PC20206_1493951196988.jpg','1','1','3','0','1','0','1','2','1','admin',now(),NULL,'MO201708161448405541');
insert into `tdzt_cloth` (`code`, `type`, `brand`, `model_num`, `pic`, `adv_pic`, `color`, `flowers`, `form`, `weight`, `yarn`, `price`, `location`, `order_no`, `status`, `updater`, `update_datetime`, `remark`, `model_code`) values('BL00104','2','花花公子','YDP-PC20203','YDP-PC20203_1493951214966.jpg','YDP-PC20203_1493951214966.jpg','1','1','2','0','1','0','1','2','1','admin',now(),'','MO201708161448405541');
insert into `tdzt_cloth` (`code`, `type`, `brand`, `model_num`, `pic`, `adv_pic`, `color`, `flowers`, `form`, `weight`, `yarn`, `price`, `location`, `order_no`, `status`, `updater`, `update_datetime`, `remark`, `model_code`) values('BL00105','2','花花公子','YDP-PC20218','YDP-PC20218_1493951232132.jpg','YDP-PC20218_1493951232132.jpg','1','1','2','0','1','0','1','2','1','admin',now(),NULL,'MO201708161448405541');
insert into `tdzt_cloth` (`code`, `type`, `brand`, `model_num`, `pic`, `adv_pic`, `color`, `flowers`, `form`, `weight`, `yarn`, `price`, `location`, `order_no`, `status`, `updater`, `update_datetime`, `remark`, `model_code`) values('BL00106','2','花花公子','YPCD208776','YPCD208776_1493951253288.jpg','YPCD208776_1493951253288.jpg','2','1','1','0','1','0','1','2','1','admin',now(),NULL,'MO201708161448405541');
insert into `tdzt_cloth` (`code`, `type`, `brand`, `model_num`, `pic`, `adv_pic`, `color`, `flowers`, `form`, `weight`, `yarn`, `price`, `location`, `order_no`, `status`, `updater`, `update_datetime`, `remark`, `model_code`) values('BL00107','2','花花公子','YDP-PC20208','YDP-PC20208_1493951275787.jpg','YDP-PC20208_1493951275787.jpg','2','1','1','0','1','0','1','2','1','admin',now(),NULL,'MO201708211548546234');
insert into `tdzt_cloth` (`code`, `type`, `brand`, `model_num`, `pic`, `adv_pic`, `color`, `flowers`, `form`, `weight`, `yarn`, `price`, `location`, `order_no`, `status`, `updater`, `update_datetime`, `remark`, `model_code`) values('BL00108','2','花花公子','YDP-PC20220','YDP-PC20220_1493951332737.jpg','YDP-PC20220_1493951332737.jpg','2','1','2','0','1','0','1','2','1','admin',now(),NULL,'MO201708211548546234');
insert into `tdzt_cloth` (`code`, `type`, `brand`, `model_num`, `pic`, `adv_pic`, `color`, `flowers`, `form`, `weight`, `yarn`, `price`, `location`, `order_no`, `status`, `updater`, `update_datetime`, `remark`, `model_code`) values('BL00109','2','花花公子','YDP-PC20222','YDP-PC20222_1493951583013.jpg','YDP-PC20222_1493951583013.jpg','3','1','2','0','1','0','1','2','1','admin',now(),NULL,'MO201708211548546234');
insert into `tdzt_cloth` (`code`, `type`, `brand`, `model_num`, `pic`, `adv_pic`, `color`, `flowers`, `form`, `weight`, `yarn`, `price`, `location`, `order_no`, `status`, `updater`, `update_datetime`, `remark`, `model_code`) values('BL00110','2','花花公子','YDP-PC20223','DPF11008_1493951635755.jpg','DPF11008_1493951635755.jpg','3','1','1','0','1','0','1','2','1','admin',now(),NULL,'MO201708211548546234');
insert into `tdzt_cloth` (`code`, `type`, `brand`, `model_num`, `pic`, `adv_pic`, `color`, `flowers`, `form`, `weight`, `yarn`, `price`, `location`, `order_no`, `status`, `updater`, `update_datetime`, `remark`, `model_code`) values('BL00111','2','花花公子','YDP-PC20224','DPG1148_1493951660410.jpg','DPG1148_1493951660410.jpg','3','1','1','0','1','0','1','2','1','admin',now(),NULL,'MO201708211548546234');
insert into `tdzt_cloth` (`code`, `type`, `brand`, `model_num`, `pic`, `adv_pic`, `color`, `flowers`, `form`, `weight`, `yarn`, `price`, `location`, `order_no`, `status`, `updater`, `update_datetime`, `remark`, `model_code`) values('BL00112','2','花花公子','YDP-PC20225','YDP-PC20222_1493951682205.jpg','YDP-PC20222_1493951682205.jpg','4','2','2','0','1','0','1','2','1','admin',now(),NULL,'MO201708211548546234');
insert into `tdzt_cloth` (`code`, `type`, `brand`, `model_num`, `pic`, `adv_pic`, `color`, `flowers`, `form`, `weight`, `yarn`, `price`, `location`, `order_no`, `status`, `updater`, `update_datetime`, `remark`, `model_code`) values('BL00113','2','花花公子','YDP-PC20226','67040-1_1493951715144.jpg','67040-1_1493951715144.jpg','4','2','2','0','1','0','1','2','1','admin',now(),NULL,'MO201708211548546234');
insert into `tdzt_cloth` (`code`, `type`, `brand`, `model_num`, `pic`, `adv_pic`, `color`, `flowers`, `form`, `weight`, `yarn`, `price`, `location`, `order_no`, `status`, `updater`, `update_datetime`, `remark`, `model_code`) values('BL00114','2','花花公子','YDP-PC20227','LA17-TL-004_1493951733452.jpg','LA17-TL-004_1493951733452.jpg','4','2','1','0','1','0','1','2','1','admin',now(),NULL,'MO201708211548546234');
insert into `tdzt_cloth` (`code`, `type`, `brand`, `model_num`, `pic`, `adv_pic`, `color`, `flowers`, `form`, `weight`, `yarn`, `price`, `location`, `order_no`, `status`, `updater`, `update_datetime`, `remark`, `model_code`) values('BL00115','2','花花公子','YDP-PC20228111111','LA17-TL-008_1493951755047.jpg','LA17-TL-008_1493951755047.jpg','4','2','2','0','1','0','0','1','1','admin',now(),'','MO201708211548546234');
insert into `tdzt_cloth` (`code`, `type`, `brand`, `model_num`, `pic`, `adv_pic`, `color`, `flowers`, `form`, `weight`, `yarn`, `price`, `location`, `order_no`, `status`, `updater`, `update_datetime`, `remark`, `model_code`) values('BL00116','2','花花公子','YDP-PC20229','LA17-TL-009_1493951773961.jpg','LA17-TL-009_1493951773961.jpg','4','2','3','0','1','0','1','123','1','admin',now(),'','MO201708211548546234');
insert into `tdzt_cloth` (`code`, `type`, `brand`, `model_num`, `pic`, `adv_pic`, `color`, `flowers`, `form`, `weight`, `yarn`, `price`, `location`, `order_no`, `status`, `updater`, `update_datetime`, `remark`, `model_code`) values('BL00117','2','花花公子','YDP-PC20233','146993Y01_1493951812994.jpg','146993Y01_1493951812994.jpg','7','2','3','23','1','0','1','2','1','admin',now(),'','MO201708211548546234');
insert into `tdzt_cloth` (`code`, `type`, `brand`, `model_num`, `pic`, `adv_pic`, `color`, `flowers`, `form`, `weight`, `yarn`, `price`, `location`, `order_no`, `status`, `updater`, `update_datetime`, `remark`, `model_code`) values('BL00118','2','花花公子','YDP-PC20232','206070_1493951829803.jpg','206070_1493951829803.jpg','3','2','2','22','1','0','1','10','1','admin',now(),'','MO201708211548546234');
insert into `tdzt_cloth` (`code`, `type`, `brand`, `model_num`, `pic`, `adv_pic`, `color`, `flowers`, `form`, `weight`, `yarn`, `price`, `location`, `order_no`, `status`, `updater`, `update_datetime`, `remark`, `model_code`) values('BL00119','2','12','YDP-PC20231','206074_1493951848826.jpg','206074_1493951848826.jpg','1','1','1','12','1','0','1','23','1','admin',now(),'','MO201708211548546234');
insert into `tdzt_cloth` (`code`, `type`, `brand`, `model_num`, `pic`, `adv_pic`, `color`, `flowers`, `form`, `weight`, `yarn`, `price`, `location`, `order_no`, `status`, `updater`, `update_datetime`, `remark`, `model_code`) values('BL00120','2','花花公子','YDP-PC20230','LA17-TL-007_1493951887004.jpg','LA17-TL-007_1493951887004.jpg','1','1','1','12','1','0','0','1','1','admin',now(),'','MO201708211548546234');
insert into `tdzt_cloth` (`code`, `type`, `brand`, `model_num`, `pic`, `adv_pic`, `color`, `flowers`, `form`, `weight`, `yarn`, `price`, `location`, `order_no`, `status`, `updater`, `update_datetime`, `remark`, `model_code`) values('BL201708211608041151','2','花花公子','11','u=4281712589,1804586914&fm=26&gp=0_1503301929591.jpg','u=4281712589,1804586914&fm=26&gp=0_1503301926488.jpg','2','1','1','12','1','0','1','1','1','admin',now(),'','MO201708211548546234');
insert into `tdzt_cloth` (`code`, `type`, `brand`, `model_num`, `pic`, `adv_pic`, `color`, `flowers`, `form`, `weight`, `yarn`, `price`, `location`, `order_no`, `status`, `updater`, `update_datetime`, `remark`, `model_code`) values('BL201708211615472587','2','花花公子','60%c40%w001','短袖衬衫_1503303412826.jpg','短袖衬衫_1503303417997.jpg','7','1','3','31','1','0','1','2','1','admin',now(),'','MO201708211548546234');
insert into `tdzt_cloth` (`code`, `type`, `brand`, `model_num`, `pic`, `adv_pic`, `color`, `flowers`, `form`, `weight`, `yarn`, `price`, `location`, `order_no`, `status`, `updater`, `update_datetime`, `remark`, `model_code`) values('BL201708211712271928','2','马甲','60%C40%whc0009','短袖衬衫_1503306816059.jpg','2_1503306812477.jpg','7','1','3','89','1','698000','1','2','1','admin',now(),'','MO201708211548546234');
insert into `tdzt_cloth` (`code`, `type`, `brand`, `model_num`, `pic`, `adv_pic`, `color`, `flowers`, `form`, `weight`, `yarn`, `price`, `location`, `order_no`, `status`, `updater`, `update_datetime`, `remark`, `model_code`) values('BL201708211714358439','2','马甲','80%C20%w','2_1503306897098.jpg','短袖衬衫_1503306891345.jpg','7','1','2','89','1','899000','1','2','1','admin',now(),'','MO201708211548546234');



insert into `tdzt_model` (`code`, `type`, `name`, `pic`, `adv_pic`, `description`, `loss`, `process_fee`, `price`, `location`, `order_no`, `status`, `create_datetime`, `updater`, `update_datetime`, `remark`) values('MO201708161448405541','0','花花公子衬衫   短袖','499_1493949069841.jpg','2_1502863432270.jpg','<p><img src=\"http://opf6b9y6y.bkt.clouddn.com/2_1502863443876.jpg\" style=\"max-width:100%\"><br></p><p>定制——你的私人专属</p><p><img src=\"http://opf6b9y6y.bkt.clouddn.com/2_1502863443876.jpg\" style=\"max-width:100%\"><br></p><p>定制——你的私人专属</p><p><img src=\"http://opf6b9y6y.bkt.clouddn.com/2_1502863443876.jpg\" style=\"max-width:100%\"><br></p><p>定制——你的私人专属</p><p><img src=\"http://opf6b9y6y.bkt.clouddn.com/2_1502863443876.jpg\" style=\"max-width:100%\"><br></p><p>定制——你的私人专属</p>',NULL,'0','499000','1','2','1',now(),'admin',now(),'下架');
insert into `tdzt_model` (`code`, `type`, `name`, `pic`, `adv_pic`, `description`, `loss`, `process_fee`, `price`, `location`, `order_no`, `status`, `create_datetime`, `updater`, `update_datetime`, `remark`) values('MO201708211548546234','1','马甲','下载_1503301636446.jpg','下载_1503301632322.jpg','<p><img src=\"http://opf6b9y6y.bkt.clouddn.com/下载_1503301646052.jpg\" style=\"max-width:100%\"><br></p><p><br></p>','2','200000','0','1','6','1',now(),'admin',now(),'');
insert into `tdzt_model` (`code`, `type`, `name`, `pic`, `adv_pic`, `description`, `loss`, `process_fee`, `price`, `location`, `order_no`, `status`, `create_datetime`, `updater`, `update_datetime`, `remark`) values('MO201708291541466881','1','西服二件套','476_G_1326131552792_1503992350336.jpg','476_G_1326131552792_1503992346224.jpg','<p><img src=\"http://opf6b9y6y.bkt.clouddn.com/476_G_1326131552792_1503992364553.jpg\" style=\"max-width:100%\"><br></p><p><br></p>','3','880000','0',NULL,NULL,'0',now(),'admin',now(),'');
insert into `tdzt_model` (`code`, `type`, `name`, `pic`, `adv_pic`, `description`, `loss`, `process_fee`, `price`, `location`, `order_no`, `status`, `create_datetime`, `updater`, `update_datetime`, `remark`) values('MO201708291542503683','1','西服三件套','t018b10015dafd5aa64_1503992413597.jpg','t018b10015dafd5aa64_1503992409966.jpg','<p><img src=\"http://opf6b9y6y.bkt.clouddn.com/t018b10015dafd5aa64_1503992428308.jpg\" style=\"max-width:100%\"><br></p><p><br></p>','4','1080000','0',NULL,NULL,'0',now(),'admin',now(),'');
insert into `tdzt_model` (`code`, `type`, `name`, `pic`, `adv_pic`, `description`, `loss`, `process_fee`, `price`, `location`, `order_no`, `status`, `create_datetime`, `updater`, `update_datetime`, `remark`) values('MO201708291543347324','1','单西','8b4b5dae60cd2dc6982015d1806c239b_1503992453482.jpg','8b4b5dae60cd2dc6982015d1806c239b_1503992449880.jpg','<p><img src=\"http://opf6b9y6y.bkt.clouddn.com/8b4b5dae60cd2dc6982015d1806c239b_1503992470537.jpg\" style=\"max-width:100%\"><br></p><p><br></p>','2','660000','0',NULL,NULL,'0',now(),'admin',now(),'');
insert into `tdzt_model` (`code`, `type`, `name`, `pic`, `adv_pic`, `description`, `loss`, `process_fee`, `price`, `location`, `order_no`, `status`, `create_datetime`, `updater`, `update_datetime`, `remark`) values('MO201708291552072516','1','西裤','t01604061721c84a3a7_1503992945260.jpg','t01604061721c84a3a7_1503992941671.jpg','<p><img src=\"http://opf6b9y6y.bkt.clouddn.com/t01604061721c84a3a7_1503992984850.jpg\" style=\"max-width:100%\"><br></p><p><br></p>','1','200000','0',NULL,NULL,'0',now(),'admin',now(),'');
insert into `tdzt_model` (`code`, `type`, `name`, `pic`, `adv_pic`, `description`, `loss`, `process_fee`, `price`, `location`, `order_no`, `status`, `create_datetime`, `updater`, `update_datetime`, `remark`) values('MO201708291553303782','1','大衣','t0185818fced779ef50_1503993064404.jpg','t0185818fced779ef50_1503993061097.jpg','<p><img src=\"http://opf6b9y6y.bkt.clouddn.com/t0185818fced779ef50_1503993069795.jpg\" style=\"max-width:100%\"><br></p><p><br></p>','3','792000','0',NULL,NULL,'0',now(),'admin',now(),'');


insert into `tdzt_craft` (`code`, `type`, `name`, `pic`, `selected`, `price`, `location`, `order_no`, `status`, `updater`, `update_datetime`, `remark`, `model_code`) values('GY00035','1-04','六角单扣','领型袖口矢量图方格图-未选中-15_1503461724347.png',NULL,'0','1','1','1','admin',now(),'222','MO201708161448405541');
insert into `tdzt_craft` (`code`, `type`, `name`, `pic`, `selected`, `price`, `location`, `order_no`, `status`, `updater`, `update_datetime`, `remark`, `model_code`) values('GY000351','1-04','六角单扣','领型袖口矢量图方格图-未选中-15_1503461724347.png','领型袖口矢量图方格图-选中-15_1503482687042.png','0',NULL,NULL,'1','admin',now(),'','MO201708211548546234');
insert into `tdzt_craft` (`code`, `type`, `name`, `pic`, `selected`, `price`, `location`, `order_no`, `status`, `updater`, `update_datetime`, `remark`, `model_code`) values('GY00036','1-05','明门襟','领型袖口矢量图方格图-未选中-04_1503984841200.png','领型袖口矢量图方格图-选中-04_1503482718827.png','0','1','1','1','admin',now(),'','MO201708161448405541');
insert into `tdzt_craft` (`code`, `type`, `name`, `pic`, `selected`, `price`, `location`, `order_no`, `status`, `updater`, `update_datetime`, `remark`, `model_code`) values('GY000361','1-05','明门襟','领型袖口矢量图方格图-未选中-04_1503984841200.png','领型袖口矢量图方格图-选中-04_1503482718827.png','0',NULL,NULL,'1','admin',now(),'','MO201708211548546234');
insert into `tdzt_craft` (`code`, `type`, `name`, `pic`, `selected`, `price`, `location`, `order_no`, `status`, `updater`, `update_datetime`, `remark`, `model_code`) values('GY00037','1-05','翻门襟','领型袖口矢量图方格图-未选中-03_1503461027508.png',NULL,'0',NULL,NULL,'1','admin',now(),'','MO201708161448405541');
insert into `tdzt_craft` (`code`, `type`, `name`, `pic`, `selected`, `price`, `location`, `order_no`, `status`, `updater`, `update_datetime`, `remark`, `model_code`) values('GY000371','1-05','翻门襟','领型袖口矢量图方格图-未选中-03_1503461027508.png','领型袖口矢量图方格图-选中-03_1503483297882.png','0',NULL,NULL,'1','admin',now(),'','MO201708211548546234');
insert into `tdzt_craft` (`code`, `type`, `name`, `pic`, `selected`, `price`, `location`, `order_no`, `status`, `updater`, `update_datetime`, `remark`, `model_code`) values('GY00039','1-06','无褶不收省','领型袖口矢量图方格图-未选中-28_1503986824883.png','领型袖口矢量图方格图-选中-28_1503986886093.png','0',NULL,NULL,'1','admin',now(),'','MO201708161448405541');
insert into `tdzt_craft` (`code`, `type`, `name`, `pic`, `selected`, `price`, `location`, `order_no`, `status`, `updater`, `update_datetime`, `remark`, `model_code`) values('GY000391','1-06','无褶不收省','领型袖口矢量图方格图-未选中-28_1503986824883.png','领型袖口矢量图方格图-选中-28_1503986886093.png','0',NULL,NULL,'1','admin',now(),'','MO201708211548546234');
insert into `tdzt_craft` (`code`, `type`, `name`, `pic`, `selected`, `price`, `location`, `order_no`, `status`, `updater`, `update_datetime`, `remark`, `model_code`) values('GY00040','1-06','无褶双收省','领型袖口矢量图方格图-未选中-29_1503986927995.png','领型袖口矢量图方格图-选中-29_1503986935001.png','0',NULL,NULL,'1','admin',now(),'','MO201708161448405541');
insert into `tdzt_craft` (`code`, `type`, `name`, `pic`, `selected`, `price`, `location`, `order_no`, `status`, `updater`, `update_datetime`, `remark`, `model_code`) values('GY000401','1-06','无褶双收省','领型袖口矢量图方格图-未选中-29_1503986927995.png','领型袖口矢量图方格图-选中-29_1503986935001.png','0',NULL,NULL,'1','admin',now(),NULL,'MO201708211548546234');
insert into `tdzt_craft` (`code`, `type`, `name`, `pic`, `selected`, `price`, `location`, `order_no`, `status`, `updater`, `update_datetime`, `remark`, `model_code`) values('GY00041','1-06','边褶不收省','领型袖口矢量图方格图-未选中-30_1503986954102.png','领型袖口矢量图方格图-选中-30_1503986960289.png','0',NULL,NULL,'1','admin',now(),'','MO201708161448405541');
insert into `tdzt_craft` (`code`, `type`, `name`, `pic`, `selected`, `price`, `location`, `order_no`, `status`, `updater`, `update_datetime`, `remark`, `model_code`) values('GY000411','1-06','边褶不收省','领型袖口矢量图方格图-未选中-30_1503986954102.png','领型袖口矢量图方格图-选中-30_1503986960289.png','0',NULL,NULL,'1','admin',now(),NULL,'MO201708211548546234');
insert into `tdzt_craft` (`code`, `type`, `name`, `pic`, `selected`, `price`, `location`, `order_no`, `status`, `updater`, `update_datetime`, `remark`, `model_code`) values('GY00066','5-03','A1号','param_24_a1_1493950892842.jpg',NULL,'0',NULL,NULL,'1','admin',now(),'','MO201708161448405541');
insert into `tdzt_craft` (`code`, `type`, `name`, `pic`, `selected`, `price`, `location`, `order_no`, `status`, `updater`, `update_datetime`, `remark`, `model_code`) values('GY000661','5-03','A1号','param_24_a1_1493950892842.jpg',NULL,'0',NULL,NULL,'1','admin',now(),'','MO201708211548546234');
insert into `tdzt_craft` (`code`, `type`, `name`, `pic`, `selected`, `price`, `location`, `order_no`, `status`, `updater`, `update_datetime`, `remark`, `model_code`) values('GY00067','5-03','A2号','param_24_a2_1493950914683.jpg',NULL,'0',NULL,NULL,'1','admin',now(),'','MO201708161448405541');
insert into `tdzt_craft` (`code`, `type`, `name`, `pic`, `selected`, `price`, `location`, `order_no`, `status`, `updater`, `update_datetime`, `remark`, `model_code`) values('GY000671','5-03','A2号','param_24_a2_1493950914683.jpg',NULL,'0',NULL,NULL,'1','admin',now(),'','MO201708211548546234');
insert into `tdzt_craft` (`code`, `type`, `name`, `pic`, `selected`, `price`, `location`, `order_no`, `status`, `updater`, `update_datetime`, `remark`, `model_code`) values('GY00068','5-03','A4号','param_24_a4_1493950938227.jpg',NULL,'0',NULL,NULL,'1','admin',now(),'','MO201708161448405541');
insert into `tdzt_craft` (`code`, `type`, `name`, `pic`, `selected`, `price`, `location`, `order_no`, `status`, `updater`, `update_datetime`, `remark`, `model_code`) values('GY000681','5-03','A4号','param_24_a4_1493950938227.jpg',NULL,'0',NULL,NULL,'1','admin',now(),'','MO201708211548546234');
insert into `tdzt_craft` (`code`, `type`, `name`, `pic`, `selected`, `price`, `location`, `order_no`, `status`, `updater`, `update_datetime`, `remark`, `model_code`) values('GY00142','1-06','后腰省','领型袖口矢量图方格图-未选中-28_1503993145106.png','领型袖口矢量图方格图-选中-28_1503993137226.png','0',NULL,NULL,'1','admin',now(),'','MO201708161448405541');
insert into `tdzt_craft` (`code`, `type`, `name`, `pic`, `selected`, `price`, `location`, `order_no`, `status`, `updater`, `update_datetime`, `remark`, `model_code`) values('GY00144','1-03','标准领','领型袖口矢量图方格图-未选中-06_1503461154668.png','领型袖口矢量图方格图-选中-06_1503482746193.png','0',NULL,NULL,'1','admin',now(),'','MO201708161448405541');
insert into `tdzt_craft` (`code`, `type`, `name`, `pic`, `selected`, `price`, `location`, `order_no`, `status`, `updater`, `update_datetime`, `remark`, `model_code`) values('GY001441','1-03','标准领','领型袖口矢量图方格图-未选中-06_1503461154668.png','领型袖口矢量图方格图-选中-06_1503482746193.png','0',NULL,NULL,'1','admin',now(),'','MO201708211548546234');
insert into `tdzt_craft` (`code`, `type`, `name`, `pic`, `selected`, `price`, `location`, `order_no`, `status`, `updater`, `update_datetime`, `remark`, `model_code`) values('GY201708181139192884','5-04','紫色','param_25_a_1493950978966.jpg',NULL,'0','1','0','1','admin',now(),'','MO201708161448405541');
insert into `tdzt_craft` (`code`, `type`, `name`, `pic`, `selected`, `price`, `location`, `order_no`, `status`, `updater`, `update_datetime`, `remark`, `model_code`) values('GY2017081811391928841','5-04','紫色','param_25_a_1493950978966.jpg',NULL,'0','1','0','1','admin',now(),'','MO201708211548546234');
insert into `tdzt_craft` (`code`, `type`, `name`, `pic`, `selected`, `price`, `location`, `order_no`, `status`, `updater`, `update_datetime`, `remark`, `model_code`) values('GY201708181139192885','5-04','棕色','param_25_b_1493950996642.jpg',NULL,'0','1','0','1','admin',now(),'','MO201708161448405541');
insert into `tdzt_craft` (`code`, `type`, `name`, `pic`, `selected`, `price`, `location`, `order_no`, `status`, `updater`, `update_datetime`, `remark`, `model_code`) values('GY2017081811391928851','5-04','棕色','param_25_b_1493950996642.jpg',NULL,'0','1','0','1','admin',now(),'','MO201708211548546234');
insert into `tdzt_craft` (`code`, `type`, `name`, `pic`, `selected`, `price`, `location`, `order_no`, `status`, `updater`, `update_datetime`, `remark`, `model_code`) values('GY201708181139192886','5-04','蓝色','param_25_c_1493951015848.jpg',NULL,'0','1','0','1','admin',now(),'','MO201708161448405541');
insert into `tdzt_craft` (`code`, `type`, `name`, `pic`, `selected`, `price`, `location`, `order_no`, `status`, `updater`, `update_datetime`, `remark`, `model_code`) values('GY2017081811391928861','5-04','蓝色','param_25_c_1493951015848.jpg',NULL,'0','1','0','1','admin',now(),'','MO201708211548546234');
insert into `tdzt_craft` (`code`, `type`, `name`, `pic`, `selected`, `price`, `location`, `order_no`, `status`, `updater`, `update_datetime`, `remark`, `model_code`) values('GY201708181139192887','5-04','绿色','param_25_d_1493951034521.jpg',NULL,'0','1','0','1','admin',now(),'','MO201708161448405541');
insert into `tdzt_craft` (`code`, `type`, `name`, `pic`, `selected`, `price`, `location`, `order_no`, `status`, `updater`, `update_datetime`, `remark`, `model_code`) values('GY2017081811391928871','5-04','绿色','param_25_d_1493951034521.jpg',NULL,'0','1','0','1','admin',now(),'','MO201708211548546234');
insert into `tdzt_craft` (`code`, `type`, `name`, `pic`, `selected`, `price`, `location`, `order_no`, `status`, `updater`, `update_datetime`, `remark`, `model_code`) values('GY201708181139192888','5-04','红色','param_25_e_1493951059099.jpg',NULL,'0','1','0','1','admin',now(),'','MO201708161448405541');
insert into `tdzt_craft` (`code`, `type`, `name`, `pic`, `selected`, `price`, `location`, `order_no`, `status`, `updater`, `update_datetime`, `remark`, `model_code`) values('GY2017081811391928881','5-04','红色','param_25_e_1493951059099.jpg',NULL,'0','1','0','1','admin',now(),'','MO201708211548546234');
insert into `tdzt_craft` (`code`, `type`, `name`, `pic`, `selected`, `price`, `location`, `order_no`, `status`, `updater`, `update_datetime`, `remark`, `model_code`) values('GY201708181139192889','5-04','粉红色','param_25_f_1493951082454.jpg',NULL,'0','1','0','1','admin',now(),'','MO201708161448405541');
insert into `tdzt_craft` (`code`, `type`, `name`, `pic`, `selected`, `price`, `location`, `order_no`, `status`, `updater`, `update_datetime`, `remark`, `model_code`) values('GY2017081811391928891','5-04','粉红色','param_25_f_1493951082454.jpg',NULL,'0','1','0','1','admin',now(),'','MO201708211548546234');
insert into `tdzt_craft` (`code`, `type`, `name`, `pic`, `selected`, `price`, `location`, `order_no`, `status`, `updater`, `update_datetime`, `remark`, `model_code`) values('GY20170818113919288919','5-04','白色','param_25_g_1493951105705.jpg',NULL,'0','1','0','1','admin',now(),'','MO201708211548546234');
insert into `tdzt_craft` (`code`, `type`, `name`, `pic`, `selected`, `price`, `location`, `order_no`, `status`, `updater`, `update_datetime`, `remark`, `model_code`) values('GY201708181139192889191','5-04','黑色','param_25_h_1493951127324.jpg',NULL,'0','1','0','1','admin',now(),'','MO201708211548546234');
insert into `tdzt_craft` (`code`, `type`, `name`, `pic`, `selected`, `price`, `location`, `order_no`, `status`, `updater`, `update_datetime`, `remark`, `model_code`) values('GY201708181139192889192','5-04','灰色','param_25_i_1493951147280.jpg',NULL,'0','1','0','1','admin',now(),'','MO201708211548546234');
insert into `tdzt_craft` (`code`, `type`, `name`, `pic`, `selected`, `price`, `location`, `order_no`, `status`, `updater`, `update_datetime`, `remark`, `model_code`) values('GY2017081811391928899','5-04','白色','param_25_g_1493951105705.jpg',NULL,'0','1','0','1','admin',now(),'','MO201708161448405541');
insert into `tdzt_craft` (`code`, `type`, `name`, `pic`, `selected`, `price`, `location`, `order_no`, `status`, `updater`, `update_datetime`, `remark`, `model_code`) values('GY20170818113919288991','5-04','黑色','param_25_h_1493951127324.jpg',NULL,'0','1','0','1','admin',now(),'','MO201708161448405541');
insert into `tdzt_craft` (`code`, `type`, `name`, `pic`, `selected`, `price`, `location`, `order_no`, `status`, `updater`, `update_datetime`, `remark`, `model_code`) values('GY20170818113919288992','5-04','灰色','param_25_i_1493951147280.jpg',NULL,'0','1','0','1','admin',now(),'','MO201708161448405541');
insert into `tdzt_craft` (`code`, `type`, `name`, `pic`, `selected`, `price`, `location`, `order_no`, `status`, `updater`, `update_datetime`, `remark`, `model_code`) values('GY201708181139192906','1-08','无口袋','领型袖口矢量图方格图-未选中-24_1503462125547.png',NULL,'0','1','0','1','admin',now(),'','MO201708161448405541');
insert into `tdzt_craft` (`code`, `type`, `name`, `pic`, `selected`, `price`, `location`, `order_no`, `status`, `updater`, `update_datetime`, `remark`, `model_code`) values('GY2017081811391929061','1-08','无口袋','领型袖口矢量图方格图-未选中-24_1503462125547.png',NULL,'0','1','0','1','admin',now(),'','MO201708211548546234');
insert into `tdzt_craft` (`code`, `type`, `name`, `pic`, `selected`, `price`, `location`, `order_no`, `status`, `updater`, `update_datetime`, `remark`, `model_code`) values('GY201708181139192907','1-08','六角口袋','领型袖口矢量图方格图-未选中-25_1503462152239.png',NULL,'0','1','0','1','admin',now(),'','MO201708161448405541');
insert into `tdzt_craft` (`code`, `type`, `name`, `pic`, `selected`, `price`, `location`, `order_no`, `status`, `updater`, `update_datetime`, `remark`, `model_code`) values('GY2017081811391929071','1-08','六角口袋','领型袖口矢量图方格图-未选中-25_1503462152239.png',NULL,'0','1','0','1','admin',now(),'','MO201708211548546234');
insert into `tdzt_craft` (`code`, `type`, `name`, `pic`, `selected`, `price`, `location`, `order_no`, `status`, `updater`, `update_datetime`, `remark`, `model_code`) values('GY201708181139192908','1-08','圆角口袋','领型袖口矢量图方格图-未选中-26_1503462174820.png',NULL,'0','1','0','1','admin',now(),'','MO201708161448405541');
insert into `tdzt_craft` (`code`, `type`, `name`, `pic`, `selected`, `price`, `location`, `order_no`, `status`, `updater`, `update_datetime`, `remark`, `model_code`) values('GY2017081811391929081','1-08','圆角口袋','领型袖口矢量图方格图-未选中-26_1503462174820.png',NULL,'0','1','0','1','admin',now(),'','MO201708211548546234');
insert into `tdzt_craft` (`code`, `type`, `name`, `pic`, `selected`, `price`, `location`, `order_no`, `status`, `updater`, `update_datetime`, `remark`, `model_code`) values('GY201708181139192909','1-08','三角口袋','领型袖口矢量图方格图-未选中-27_1503462198168.png',NULL,'0','1','0','1','admin',now(),'','MO201708161448405541');
insert into `tdzt_craft` (`code`, `type`, `name`, `pic`, `selected`, `price`, `location`, `order_no`, `status`, `updater`, `update_datetime`, `remark`, `model_code`) values('GY2017081811391929091','1-08','三角口袋','领型袖口矢量图方格图-未选中-27_1503462198168.png',NULL,'0','1','0','1','admin',now(),'','MO201708211548546234');
insert into `tdzt_craft` (`code`, `type`, `name`, `pic`, `selected`, `price`, `location`, `order_no`, `status`, `updater`, `update_datetime`, `remark`, `model_code`) values('GY201708181139192910','1-05','后腰省','i13_1493949755111.png',NULL,'0','1','0','1','admin',now(),'','MO201708161448405541');
insert into `tdzt_craft` (`code`, `type`, `name`, `pic`, `selected`, `price`, `location`, `order_no`, `status`, `updater`, `update_datetime`, `remark`, `model_code`) values('GY2017081811391929101','1-05','后腰省','i13_1493949755111.png',NULL,'0','1','0','1','admin',now(),'','MO201708211548546234');
insert into `tdzt_craft` (`code`, `type`, `name`, `pic`, `selected`, `price`, `location`, `order_no`, `status`, `updater`, `update_datetime`, `remark`, `model_code`) values('GY201708231211313165','1-03','大尖领','领型袖口矢量图方格图-未选中-07_1503461401855.png','领型袖口矢量图方格图-选中-07_1503482759654.png','0',NULL,NULL,'1','admin',now(),'','MO201708161448405541');
insert into `tdzt_craft` (`code`, `type`, `name`, `pic`, `selected`, `price`, `location`, `order_no`, `status`, `updater`, `update_datetime`, `remark`, `model_code`) values('GY2017082312113131651','1-03','大尖领','领型袖口矢量图方格图-未选中-07_1503461401855.png','领型袖口矢量图方格图-选中-07_1503482759654.png','0',NULL,NULL,'1','admin',now(),'','MO201708211548546234');
insert into `tdzt_craft` (`code`, `type`, `name`, `pic`, `selected`, `price`, `location`, `order_no`, `status`, `updater`, `update_datetime`, `remark`, `model_code`) values('GY201708231212027412','1-04','六角双扣','领型袖口矢量图方格图-未选中-16_1503461772542.png',NULL,'0',NULL,NULL,'1','admin',now(),'','MO201708161448405541');
insert into `tdzt_craft` (`code`, `type`, `name`, `pic`, `selected`, `price`, `location`, `order_no`, `status`, `updater`, `update_datetime`, `remark`, `model_code`) values('GY2017082312120274121','1-04','六角双扣','领型袖口矢量图方格图-未选中-16_1503461772542.png',NULL,'0',NULL,NULL,'1','admin',now(),'','MO201708211548546234');
insert into `tdzt_craft` (`code`, `type`, `name`, `pic`, `selected`, `price`, `location`, `order_no`, `status`, `updater`, `update_datetime`, `remark`, `model_code`) values('GY201708231213037436','1-03','大八领','领型袖口矢量图方格图-未选中-09_1503461494526.png','领型袖口矢量图方格图-选中-09_1503482775342.png','0',NULL,NULL,'1','admin',now(),'','MO201708161448405541');
insert into `tdzt_craft` (`code`, `type`, `name`, `pic`, `selected`, `price`, `location`, `order_no`, `status`, `updater`, `update_datetime`, `remark`, `model_code`) values('GY2017082312130374361','1-03','大八领','领型袖口矢量图方格图-未选中-09_1503461494526.png','领型袖口矢量图方格图-选中-09_1503482775342.png','0',NULL,NULL,'1','admin',now(),'','MO201708211548546234');
insert into `tdzt_craft` (`code`, `type`, `name`, `pic`, `selected`, `price`, `location`, `order_no`, `status`, `updater`, `update_datetime`, `remark`, `model_code`) values('GY201708231213296629','1-03','中八领','领型袖口矢量图方格图-未选中-10_1503461520452.png','领型袖口矢量图方格图-选中-10_1503483146460.png','0',NULL,NULL,'1','admin',now(),'','MO201708161448405541');
insert into `tdzt_craft` (`code`, `type`, `name`, `pic`, `selected`, `price`, `location`, `order_no`, `status`, `updater`, `update_datetime`, `remark`, `model_code`) values('GY2017082312132966291','1-03','中八领','领型袖口矢量图方格图-未选中-10_1503461520452.png','领型袖口矢量图方格图-选中-10_1503483146460.png','0',NULL,NULL,'1','admin',now(),'','MO201708211548546234');
insert into `tdzt_craft` (`code`, `type`, `name`, `pic`, `selected`, `price`, `location`, `order_no`, `status`, `updater`, `update_datetime`, `remark`, `model_code`) values('GY201708231214034228','1-03','小方领','领型袖口矢量图方格图-未选中-11_1503461554563.png','领型袖口矢量图方格图-选中-11_1503483163813.png','0',NULL,NULL,'1','admin',now(),'','MO201708161448405541');
insert into `tdzt_craft` (`code`, `type`, `name`, `pic`, `selected`, `price`, `location`, `order_no`, `status`, `updater`, `update_datetime`, `remark`, `model_code`) values('GY2017082312140342281','1-03','小方领','领型袖口矢量图方格图-未选中-11_1503461554563.png','领型袖口矢量图方格图-选中-11_1503483163813.png','0',NULL,NULL,'1','admin',now(),'','MO201708211548546234');
insert into `tdzt_craft` (`code`, `type`, `name`, `pic`, `selected`, `price`, `location`, `order_no`, `status`, `updater`, `update_datetime`, `remark`, `model_code`) values('GY201708231214372410','1-03','纽扣领','领型袖口矢量图方格图-未选中-12_1503461588224.png','领型袖口矢量图方格图-选中-12_1503483179887.png','0',NULL,NULL,'1','admin',now(),'','MO201708161448405541');
insert into `tdzt_craft` (`code`, `type`, `name`, `pic`, `selected`, `price`, `location`, `order_no`, `status`, `updater`, `update_datetime`, `remark`, `model_code`) values('GY2017082312143724101','1-03','纽扣领','领型袖口矢量图方格图-未选中-12_1503461588224.png','领型袖口矢量图方格图-选中-12_1503483179887.png','0',NULL,NULL,'1','admin',now(),'','MO201708211548546234');
insert into `tdzt_craft` (`code`, `type`, `name`, `pic`, `selected`, `price`, `location`, `order_no`, `status`, `updater`, `update_datetime`, `remark`, `model_code`) values('GY201708231215010145','1-03','立领','领型袖口矢量图方格图-未选中-13_1503461612019.png','领型袖口矢量图方格图-选中-13_1503483197804.png','0',NULL,NULL,'1','admin',now(),'','MO201708161448405541');
insert into `tdzt_craft` (`code`, `type`, `name`, `pic`, `selected`, `price`, `location`, `order_no`, `status`, `updater`, `update_datetime`, `remark`, `model_code`) values('GY2017082312150101451','1-03','立领','领型袖口矢量图方格图-未选中-13_1503461612019.png','领型袖口矢量图方格图-选中-13_1503483197804.png','0',NULL,NULL,'1','admin',now(),'','MO201708211548546234');
insert into `tdzt_craft` (`code`, `type`, `name`, `pic`, `selected`, `price`, `location`, `order_no`, `status`, `updater`, `update_datetime`, `remark`, `model_code`) values('GY201708231215280713','1-03','礼服领','领型袖口矢量图方格图-未选中-14_1503461638898.png','领型袖口矢量图方格图-选中-14_1503483217045.png','0',NULL,NULL,'1','admin',now(),'','MO201708161448405541');
insert into `tdzt_craft` (`code`, `type`, `name`, `pic`, `selected`, `price`, `location`, `order_no`, `status`, `updater`, `update_datetime`, `remark`, `model_code`) values('GY2017082312152807131','1-03','礼服领','领型袖口矢量图方格图-未选中-14_1503461638898.png','领型袖口矢量图方格图-选中-14_1503483217045.png','0',NULL,NULL,'1','admin',now(),'','MO201708211548546234');
insert into `tdzt_craft` (`code`, `type`, `name`, `pic`, `selected`, `price`, `location`, `order_no`, `status`, `updater`, `update_datetime`, `remark`, `model_code`) values('GY201708231218192701','1-04','圆角单扣','领型袖口矢量图方格图-未选中-17_1503461810393.png',NULL,'0',NULL,NULL,'1','admin',now(),'','MO201708161448405541');
insert into `tdzt_craft` (`code`, `type`, `name`, `pic`, `selected`, `price`, `location`, `order_no`, `status`, `updater`, `update_datetime`, `remark`, `model_code`) values('GY2017082312181927011','1-04','圆角单扣','领型袖口矢量图方格图-未选中-17_1503461810393.png',NULL,'0',NULL,NULL,'1','admin',now(),'','MO201708211548546234');
insert into `tdzt_craft` (`code`, `type`, `name`, `pic`, `selected`, `price`, `location`, `order_no`, `status`, `updater`, `update_datetime`, `remark`, `model_code`) values('GY201708231218480932','1-04','圆角双扣','领型袖口矢量图方格图-未选中-18_1503461839149.png',NULL,'0',NULL,NULL,'1','admin',now(),'','MO201708161448405541');
insert into `tdzt_craft` (`code`, `type`, `name`, `pic`, `selected`, `price`, `location`, `order_no`, `status`, `updater`, `update_datetime`, `remark`, `model_code`) values('GY2017082312184809321','1-04','圆角双扣','领型袖口矢量图方格图-未选中-18_1503461839149.png',NULL,'0',NULL,NULL,'1','admin',now(),'','MO201708211548546234');
insert into `tdzt_craft` (`code`, `type`, `name`, `pic`, `selected`, `price`, `location`, `order_no`, `status`, `updater`, `update_datetime`, `remark`, `model_code`) values('GY201708231220247320','1-04','直角单扣','领型袖口矢量图方格图-未选中-19_1503461935691.png',NULL,'0',NULL,NULL,'1','admin',now(),'','MO201708161448405541');
insert into `tdzt_craft` (`code`, `type`, `name`, `pic`, `selected`, `price`, `location`, `order_no`, `status`, `updater`, `update_datetime`, `remark`, `model_code`) values('GY2017082312202473201','1-04','直角单扣','领型袖口矢量图方格图-未选中-19_1503461935691.png',NULL,'0',NULL,NULL,'1','admin',now(),'','MO201708211548546234');
insert into `tdzt_craft` (`code`, `type`, `name`, `pic`, `selected`, `price`, `location`, `order_no`, `status`, `updater`, `update_datetime`, `remark`, `model_code`) values('GY201708231220493128','1-04','直角双扣','领型袖口矢量图方格图-未选中-20_1503461960358.png',NULL,'0',NULL,NULL,'1','admin',now(),'','MO201708161448405541');
insert into `tdzt_craft` (`code`, `type`, `name`, `pic`, `selected`, `price`, `location`, `order_no`, `status`, `updater`, `update_datetime`, `remark`, `model_code`) values('GY2017082312204931281','1-04','直角双扣','领型袖口矢量图方格图-未选中-20_1503461960358.png',NULL,'0',NULL,NULL,'1','admin',now(),'','MO201708211548546234');
insert into `tdzt_craft` (`code`, `type`, `name`, `pic`, `selected`, `price`, `location`, `order_no`, `status`, `updater`, `update_datetime`, `remark`, `model_code`) values('GY201708231221348095','1-04','弧形单扣','领型袖口矢量图方格图-未选中-21_1503462005352.png',NULL,'0',NULL,NULL,'1','admin',now(),'','MO201708161448405541');
insert into `tdzt_craft` (`code`, `type`, `name`, `pic`, `selected`, `price`, `location`, `order_no`, `status`, `updater`, `update_datetime`, `remark`, `model_code`) values('GY2017082312213480951','1-04','弧形单扣','领型袖口矢量图方格图-未选中-21_1503462005352.png',NULL,'0',NULL,NULL,'1','admin',now(),'','MO201708211548546234');
insert into `tdzt_craft` (`code`, `type`, `name`, `pic`, `selected`, `price`, `location`, `order_no`, `status`, `updater`, `update_datetime`, `remark`, `model_code`) values('GY201708231222041466','1-04','法式直角','领型袖口矢量图方格图-未选中-22_1503462035292.png',NULL,'0',NULL,NULL,'1','admin',now(),'','MO201708161448405541');
insert into `tdzt_craft` (`code`, `type`, `name`, `pic`, `selected`, `price`, `location`, `order_no`, `status`, `updater`, `update_datetime`, `remark`, `model_code`) values('GY2017082312220414661','1-04','法式直角','领型袖口矢量图方格图-未选中-22_1503462035292.png',NULL,'0',NULL,NULL,'1','admin',now(),'','MO201708211548546234');
insert into `tdzt_craft` (`code`, `type`, `name`, `pic`, `selected`, `price`, `location`, `order_no`, `status`, `updater`, `update_datetime`, `remark`, `model_code`) values('GY201708231222276865','1-04','法式圆角','领型袖口矢量图方格图-未选中-23_1503462058772.png',NULL,'0',NULL,NULL,'1','admin',now(),'','MO201708161448405541');
insert into `tdzt_craft` (`code`, `type`, `name`, `pic`, `selected`, `price`, `location`, `order_no`, `status`, `updater`, `update_datetime`, `remark`, `model_code`) values('GY2017082312222768651','1-04','法式圆角','领型袖口矢量图方格图-未选中-23_1503462058772.png',NULL,'0',NULL,NULL,'1','admin',now(),'','MO201708211548546234');
insert into `tdzt_craft` (`code`, `type`, `name`, `pic`, `selected`, `price`, `location`, `order_no`, `status`, `updater`, `update_datetime`, `remark`, `model_code`) values('GY201708231351269380','1-01','长袖','领型袖口矢量图方格图-未选中-01_1503467396404.png',NULL,'0',NULL,NULL,'1','admin',now(),'','MO201708161448405541');
insert into `tdzt_craft` (`code`, `type`, `name`, `pic`, `selected`, `price`, `location`, `order_no`, `status`, `updater`, `update_datetime`, `remark`, `model_code`) values('GY2017082313512693801','1-01','长袖','领型袖口矢量图方格图-未选中-01_1503467396404.png',NULL,'0',NULL,NULL,'1','admin',now(),'','MO201708211548546234');
insert into `tdzt_craft` (`code`, `type`, `name`, `pic`, `selected`, `price`, `location`, `order_no`, `status`, `updater`, `update_datetime`, `remark`, `model_code`) values('GY201708231351465467','1-01','短袖','领型袖口矢量图方格图-未选中-02_1503467416861.png',NULL,'0',NULL,NULL,'1','admin',now(),'','MO201708161448405541');
insert into `tdzt_craft` (`code`, `type`, `name`, `pic`, `selected`, `price`, `location`, `order_no`, `status`, `updater`, `update_datetime`, `remark`, `model_code`) values('GY2017082313514654671','1-01','短袖','领型袖口矢量图方格图-未选中-02_1503467416861.png',NULL,'0',NULL,NULL,'1','admin',now(),'','MO201708211548546234');
insert into `tdzt_craft` (`code`, `type`, `name`, `pic`, `selected`, `price`, `location`, `order_no`, `status`, `updater`, `update_datetime`, `remark`, `model_code`) values('GY201708231415144228','1-07','非常修身','领型袖口矢量图方格图-无字-04_1503468824871.png',NULL,'0',NULL,NULL,'1','admin',now(),'','MO201708161448405541');
insert into `tdzt_craft` (`code`, `type`, `name`, `pic`, `selected`, `price`, `location`, `order_no`, `status`, `updater`, `update_datetime`, `remark`, `model_code`) values('GY2017082314151442281','1-07','非常修身','领型袖口矢量图方格图-无字-04_1503468824871.png',NULL,'0',NULL,NULL,'1','admin',now(),'','MO201708211548546234');
insert into `tdzt_craft` (`code`, `type`, `name`, `pic`, `selected`, `price`, `location`, `order_no`, `status`, `updater`, `update_datetime`, `remark`, `model_code`) values('GY201708231415574020','1-07','很修身','领型袖口矢量图方格图-无字-03_1503468867746.png',NULL,'0',NULL,NULL,'1','admin',now(),'','MO201708161448405541');
insert into `tdzt_craft` (`code`, `type`, `name`, `pic`, `selected`, `price`, `location`, `order_no`, `status`, `updater`, `update_datetime`, `remark`, `model_code`) values('GY2017082314155740201','1-07','很修身','领型袖口矢量图方格图-无字-03_1503468867746.png',NULL,'0',NULL,NULL,'1','admin',now(),'','MO201708211548546234');
insert into `tdzt_craft` (`code`, `type`, `name`, `pic`, `selected`, `price`, `location`, `order_no`, `status`, `updater`, `update_datetime`, `remark`, `model_code`) values('GY201708231416319611','1-07','修身','领型袖口矢量图方格图-无字-03_1503468902656.png',NULL,'0',NULL,NULL,'1','admin',now(),'','MO201708161448405541');
insert into `tdzt_craft` (`code`, `type`, `name`, `pic`, `selected`, `price`, `location`, `order_no`, `status`, `updater`, `update_datetime`, `remark`, `model_code`) values('GY2017082314163196111','1-07','修身','领型袖口矢量图方格图-无字-03_1503468902656.png',NULL,'0',NULL,NULL,'1','admin',now(),'','MO201708211548546234');
insert into `tdzt_craft` (`code`, `type`, `name`, `pic`, `selected`, `price`, `location`, `order_no`, `status`, `updater`, `update_datetime`, `remark`, `model_code`) values('GY201708231417189797','1-07','正常偏瘦','领型袖口矢量图方格图-无字-03_1503468949455.png',NULL,'0',NULL,NULL,'1','admin',now(),'','MO201708161448405541');
insert into `tdzt_craft` (`code`, `type`, `name`, `pic`, `selected`, `price`, `location`, `order_no`, `status`, `updater`, `update_datetime`, `remark`, `model_code`) values('GY2017082314171897971','1-07','正常偏瘦','领型袖口矢量图方格图-无字-03_1503468949455.png',NULL,'0',NULL,NULL,'1','admin',now(),'','MO201708211548546234');
insert into `tdzt_craft` (`code`, `type`, `name`, `pic`, `selected`, `price`, `location`, `order_no`, `status`, `updater`, `update_datetime`, `remark`, `model_code`) values('GY2017082314173763616','1-07','正常','领型袖口矢量图方格图-无字-03_1503468968399.png',NULL,'0',NULL,NULL,'1','admin',now(),'','MO201708211548546234');
insert into `tdzt_craft` (`code`, `type`, `name`, `pic`, `selected`, `price`, `location`, `order_no`, `status`, `updater`, `update_datetime`, `remark`, `model_code`) values('GY201708231417376366','1-07','正常','领型袖口矢量图方格图-无字-03_1503468968399.png',NULL,'0',NULL,NULL,'1','admin',now(),'','MO201708161448405541');
insert into `tdzt_craft` (`code`, `type`, `name`, `pic`, `selected`, `price`, `location`, `order_no`, `status`, `updater`, `update_datetime`, `remark`, `model_code`) values('GY201708231418022704','1-07','非常肥胖','领型袖口矢量图方格图-无字-03_1503468992621.png',NULL,'0',NULL,NULL,'1','admin',now(),'','MO201708161448405541');
insert into `tdzt_craft` (`code`, `type`, `name`, `pic`, `selected`, `price`, `location`, `order_no`, `status`, `updater`, `update_datetime`, `remark`, `model_code`) values('GY2017082314180227041','1-07','非常肥胖','领型袖口矢量图方格图-无字-03_1503468992621.png',NULL,'0',NULL,NULL,'1','admin',now(),'','MO201708211548546234');
insert into `tdzt_craft` (`code`, `type`, `name`, `pic`, `selected`, `price`, `location`, `order_no`, `status`, `updater`, `update_datetime`, `remark`, `model_code`) values('GY201708231418371904','1-07','宽松','领型袖口矢量图方格图-无字-03_1503469028011.png',NULL,'0',NULL,NULL,'1','admin',now(),'','MO201708161448405541');
insert into `tdzt_craft` (`code`, `type`, `name`, `pic`, `selected`, `price`, `location`, `order_no`, `status`, `updater`, `update_datetime`, `remark`, `model_code`) values('GY2017082314183719041','1-07','宽松','领型袖口矢量图方格图-无字-03_1503469028011.png',NULL,'0',NULL,NULL,'1','admin',now(),'','MO201708211548546234');
insert into `tdzt_craft` (`code`, `type`, `name`, `pic`, `selected`, `price`, `location`, `order_no`, `status`, `updater`, `update_datetime`, `remark`, `model_code`) values('GY201708231419016967','1-07','很宽松','领型袖口矢量图方格图-无字-03_1503469052730.png',NULL,'0',NULL,NULL,'1','admin',now(),'','MO201708161448405541');
insert into `tdzt_craft` (`code`, `type`, `name`, `pic`, `selected`, `price`, `location`, `order_no`, `status`, `updater`, `update_datetime`, `remark`, `model_code`) values('GY2017082314190169671','1-07','很宽松','领型袖口矢量图方格图-无字-03_1503469052730.png',NULL,'0',NULL,NULL,'1','admin',now(),'','MO201708211548546234');
insert into `tdzt_craft` (`code`, `type`, `name`, `pic`, `selected`, `price`, `location`, `order_no`, `status`, `updater`, `update_datetime`, `remark`, `model_code`) values('GY201708231419269760','1-07','非常宽松','领型袖口矢量图方格图-无字-03_1503469077816.png',NULL,'0',NULL,NULL,'1','admin',now(),'','MO201708161448405541');
insert into `tdzt_craft` (`code`, `type`, `name`, `pic`, `selected`, `price`, `location`, `order_no`, `status`, `updater`, `update_datetime`, `remark`, `model_code`) values('GY2017082314192697601','1-07','非常宽松','领型袖口矢量图方格图-无字-03_1503469077816.png',NULL,'0',NULL,NULL,'1','admin',now(),'','MO201708211548546234');
insert into `tdzt_craft` (`code`, `type`, `name`, `pic`, `selected`, `price`, `location`, `order_no`, `status`, `updater`, `update_datetime`, `remark`, `model_code`) values('GY201708231424010161','5-02','左袖头外','领型袖口矢量图方格图-无字-15_1503469351807.png',NULL,'0',NULL,NULL,'1','admin',now(),'','MO201708161448405541');
insert into `tdzt_craft` (`code`, `type`, `name`, `pic`, `selected`, `price`, `location`, `order_no`, `status`, `updater`, `update_datetime`, `remark`, `model_code`) values('GY2017082314240101611','5-02','左袖头外','领型袖口矢量图方格图-无字-15_1503469351807.png',NULL,'0',NULL,NULL,'1','admin',now(),'','MO201708211548546234');
insert into `tdzt_craft` (`code`, `type`, `name`, `pic`, `selected`, `price`, `location`, `order_no`, `status`, `updater`, `update_datetime`, `remark`, `model_code`) values('GY201708231424374467','5-02','右袖头外','领型袖口矢量图方格图-无字-15_1503469387661.png',NULL,'0',NULL,NULL,'1','admin',now(),'','MO201708161448405541');
insert into `tdzt_craft` (`code`, `type`, `name`, `pic`, `selected`, `price`, `location`, `order_no`, `status`, `updater`, `update_datetime`, `remark`, `model_code`) values('GY2017082314243744671','5-02','右袖头外','领型袖口矢量图方格图-无字-15_1503469387661.png',NULL,'0',NULL,NULL,'1','admin',now(),'','MO201708211548546234');
insert into `tdzt_craft` (`code`, `type`, `name`, `pic`, `selected`, `price`, `location`, `order_no`, `status`, `updater`, `update_datetime`, `remark`, `model_code`) values('GY201708231425062366','5-02','口袋右侧','领型袖口矢量图方格图-无字-15_1503469417001.png',NULL,'0',NULL,NULL,'1','admin',now(),'','MO201708161448405541');
insert into `tdzt_craft` (`code`, `type`, `name`, `pic`, `selected`, `price`, `location`, `order_no`, `status`, `updater`, `update_datetime`, `remark`, `model_code`) values('GY2017082314250623661','5-02','口袋右侧','领型袖口矢量图方格图-无字-15_1503469417001.png',NULL,'0',NULL,NULL,'1','admin',now(),'','MO201708211548546234');
insert into `tdzt_craft` (`code`, `type`, `name`, `pic`, `selected`, `price`, `location`, `order_no`, `status`, `updater`, `update_datetime`, `remark`, `model_code`) values('GY201708231425514346','5-02','左胸','领型袖口矢量图方格图-无字-03_1503469493272.png',NULL,'0',NULL,NULL,'1','admin',now(),'','MO201708161448405541');
insert into `tdzt_craft` (`code`, `type`, `name`, `pic`, `selected`, `price`, `location`, `order_no`, `status`, `updater`, `update_datetime`, `remark`, `model_code`) values('GY2017082314255143461','5-02','左胸','领型袖口矢量图方格图-无字-03_1503469493272.png',NULL,'0',NULL,NULL,'1','admin',now(),'','MO201708211548546234');
insert into `tdzt_craft` (`code`, `type`, `name`, `pic`, `selected`, `price`, `location`, `order_no`, `status`, `updater`, `update_datetime`, `remark`, `model_code`) values('GY201708231426228145','5-02','左腰','领型袖口矢量图方格图-无字-03_1503469493272.png',NULL,'0',NULL,NULL,'1','admin',now(),'','MO201708161448405541');
insert into `tdzt_craft` (`code`, `type`, `name`, `pic`, `selected`, `price`, `location`, `order_no`, `status`, `updater`, `update_datetime`, `remark`, `model_code`) values('GY2017082314262281451','5-02','左腰','领型袖口矢量图方格图-无字-03_1503469493272.png',NULL,'0',NULL,NULL,'1','admin',now(),'','MO201708211548546234');
insert into `tdzt_craft` (`code`, `type`, `name`, `pic`, `selected`, `price`, `location`, `order_no`, `status`, `updater`, `update_datetime`, `remark`, `model_code`) values('GY201708231427041761','5-02','领底面中','领型袖口矢量图方格图-无字-03_1503469534779.png',NULL,'0',NULL,NULL,'1','admin',now(),'','MO201708161448405541');
insert into `tdzt_craft` (`code`, `type`, `name`, `pic`, `selected`, `price`, `location`, `order_no`, `status`, `updater`, `update_datetime`, `remark`, `model_code`) values('GY2017082314270417611','5-02','领底面中','领型袖口矢量图方格图-无字-03_1503469534779.png',NULL,'0',NULL,NULL,'1','admin',now(),'','MO201708211548546234');
insert into `tdzt_craft` (`code`, `type`, `name`, `pic`, `selected`, `price`, `location`, `order_no`, `status`, `updater`, `update_datetime`, `remark`, `model_code`) values('GY201708231428001263','5-02','右门襟底部','领型袖口矢量图方格图-无字-04_1503469590737.png',NULL,'0',NULL,NULL,'1','admin',now(),'','MO201708161448405541');
insert into `tdzt_craft` (`code`, `type`, `name`, `pic`, `selected`, `price`, `location`, `order_no`, `status`, `updater`, `update_datetime`, `remark`, `model_code`) values('GY2017082314280012631','5-02','右门襟底部','领型袖口矢量图方格图-无字-04_1503469590737.png',NULL,'0',NULL,NULL,'1','admin',now(),NULL,'MO201708211548546234');
insert into `tdzt_craft` (`code`, `type`, `name`, `pic`, `selected`, `price`, `location`, `order_no`, `status`, `updater`, `update_datetime`, `remark`, `model_code`) values('GY201708291402024546','1-03','小尖领','领型袖口矢量图方格图-未选中-08_1503986509055.png','领型袖口矢量图方格图-选中-08_1503986518838.png','0',NULL,NULL,'1','admin',now(),'','MO201708161448405541');
insert into `tdzt_craft` (`code`, `type`, `name`, `pic`, `selected`, `price`, `location`, `order_no`, `status`, `updater`, `update_datetime`, `remark`, `model_code`) values('GY2017082914020245461','1-03','小尖领','领型袖口矢量图方格图-未选中-08_1503986509055.png','领型袖口矢量图方格图-选中-08_1503986518838.png','0',NULL,NULL,'1','admin',now(),NULL,'MO201708211548546234');
insert into `tdzt_craft` (`code`, `type`, `name`, `pic`, `selected`, `price`, `location`, `order_no`, `status`, `updater`, `update_datetime`, `remark`, `model_code`) values('GY201708291410492957','1-06','中褶不收省','领型袖口矢量图方格图-未选中-31_1503987040380.png','领型袖口矢量图方格图-选中-31_1503987046610.png','0',NULL,NULL,'1','admin',now(),'','MO201708161448405541');
insert into `tdzt_craft` (`code`, `type`, `name`, `pic`, `selected`, `price`, `location`, `order_no`, `status`, `updater`, `update_datetime`, `remark`, `model_code`) values('GY2017082914104929571','1-06','中褶不收省','领型袖口矢量图方格图-未选中-31_1503987040380.png','领型袖口矢量图方格图-选中-31_1503987046610.png','0',NULL,NULL,'1','admin',now(),NULL,'MO201708211548546234');

