insert into `tstd_user` (`user_id`, `login_name`, `nickname`, `login_pwd`, `login_pwd_strength`, `kind`, `level`, `user_referee`, `mobile`, `id_kind`, `id_no`, `real_name`, `trade_pwd`, `trade_pwd_strength`, `role_code`, `div_rate`, `status`, `pdf`, `company_code`, `open_id`, `jpush_id`, `create_datetime`, `updater`, `update_datetime`, `remark`, `system_code`) values('CDZT201700000000000001','admin',NULL,'21218cca77804d2ba1922c33e0151105','1','01','0',NULL,NULL,NULL,NULL,NULL,NULL,NULL,'DZTSR2017041310190267791',NULL,'0',NULL,NULL,NULL,NULL,NULL,'admin',NULL,'管理端系统方','CD-CDZT000009');

insert into `tsys_role` (`code`, `name`, `level`, `updater`, `update_datetime`, `remark`, `system_code`) values('DZTSR20170000000000hhr','合伙人','1','admin',now(),NULL,'CD-CDZT000009');
insert into `tsys_role` (`code`, `name`, `level`, `updater`, `update_datetime`, `remark`, `system_code`) values('DZTSR2017041310190267791','超级管理员','1','admin',now(),NULL,'CD-CDZT000009');

INSERT INTO `tstd_cpassword` (`code`,`type`,`account`,`password`,`remark`,`company_code`,`system_code`) VALUES ('CD-CDZT000009-001','2','ACCESS_KEY','M0atdzBYOQ-oloFpRJFtX7HDDU1NTBBvRUu3MS1T','','CD-CDZT000009','CD-CDZT000009');
INSERT INTO `tstd_cpassword` (`code`,`type`,`account`,`password`,`remark`,`company_code`,`system_code`) VALUES ('CD-CDZT000009-002','2','SECRET_KEY','F8eJ94o1WoFIB7VxTwtI5rB8RLi7IHC7cY47Bnwh','','CD-CDZT000009','CD-CDZT000009');
INSERT INTO `tstd_cpassword` (`code`,`type`,`account`,`password`,`remark`,`company_code`,`system_code`) VALUES ('CD-CDZT000009-003','2','bucket','cd-test','','CD-CDZT000009','CD-CDZT000009');
INSERT INTO `tstd_cpassword` (`code`,`type`,`account`,`password`,`remark`,`company_code`,`system_code`) VALUES ('dzt001','2','ACCESS_KEY','Dc0pMP8ImFm78-uk4iGsOPpB2-vHc64D07OsOQVi',NULL,'CD-CDZT000009','CD-CDZT000009');
INSERT INTO `tstd_cpassword` (`code`,`type`,`account`,`password`,`remark`,`company_code`,`system_code`) VALUES ('dzt002','2','SECRET_KEY','3NP-tpZP9-5fH-R-FhvKTfYpPPVFNvjFF3JXmrcq',NULL,'CD-CDZT000009','CD-CDZT000009');
INSERT INTO `tstd_cpassword` (`code`,`type`,`account`,`password`,`remark`,`company_code`,`system_code`) VALUES ('dzt003','2','bucket','b2coss',NULL,'CD-CDZT000009','CD-CDZT000009');
INSERT INTO `tstd_cpassword` (`code`,`type`,`account`,`password`,`remark`,`company_code`,`system_code`) VALUES ('dzt004','3','ACCESS_KEY','wx8bc03dd744895352',NULL,'CD-CDZT000009','CD-CDZT000009');
INSERT INTO `tstd_cpassword` (`code`,`type`,`account`,`password`,`remark`,`company_code`,`system_code`) VALUES ('dzt005','3','SECRET_KEY','44ebf0ef908dc54656573625a579ea82',NULL,'CD-CDZT000009','CD-CDZT000009');

INSERT INTO `tsys_config` (`ckey`,`cvalue`,`note`,`updater`,`update_datetime`,`remark`,`system_code`) VALUES ('aboutUs','关于我们','商捷定制通——关于我们','admin',now(),NULL,'CD-CDZT000009');
INSERT INTO `tsys_config` (`ckey`,`cvalue`,`note`,`updater`,`update_datetime`,`remark`,`system_code`) VALUES ('yuyuePic','预约界面展示图','','admin',now(),NULL,'CD-CDZT000009');
INSERT INTO `tsys_config` (`ckey`,`cvalue`,`note`,`updater`,`update_datetime`,`remark`,`system_code`) VALUES ('fugouPic','复购界面展示图','','admin',now(),NULL,'CD-CDZT000009');

/*
-- Query: SELECT * FROM std_user.tsys_menu where system_code = 'CD-CDZT000009'
-- Date: 2017-04-19 22:07
*/
INSERT INTO `tsys_menu` (`code`,`name`,`type`,`url`,`order_no`,`updater`,`update_datetime`,`remark`,`parent_code`,`system_code`) VALUES ('DZTSM201600000000000000','根目录','1','#','1','admin','2017-04-13 10:46:14','','','CD-CDZT000009');
INSERT INTO `tsys_menu` (`code`,`name`,`type`,`url`,`order_no`,`updater`,`update_datetime`,`remark`,`parent_code`,`system_code`) VALUES ('DZTSM201600001000000001','系统管理','1','#','1','admin','2017-04-13 10:46:14','','DZTSM201600000000000000','CD-CDZT000009');
INSERT INTO `tsys_menu` (`code`,`name`,`type`,`url`,`order_no`,`updater`,`update_datetime`,`remark`,`parent_code`,`system_code`) VALUES ('DZTSM201600001000000002','运维管理','1','#','2','admin','2017-04-13 10:46:14',NULL,'DZTSM201600001000000001','CD-CDZT000009');
INSERT INTO `tsys_menu` (`code`,`name`,`type`,`url`,`order_no`,`updater`,`update_datetime`,`remark`,`parent_code`,`system_code`) VALUES ('DZTSM201600001000000003','菜单管理','1','/security/menu.htm','1','admin','2017-04-13 10:46:14',NULL,'DZTSM201600001000000002','CD-CDZT000009');
INSERT INTO `tsys_menu` (`code`,`name`,`type`,`url`,`order_no`,`updater`,`update_datetime`,`remark`,`parent_code`,`system_code`) VALUES ('DZTSM201600001000000004','新增','2','/add','1','admin','2017-04-13 10:46:14','','DZTSM201600001000000003','CD-CDZT000009');
INSERT INTO `tsys_menu` (`code`,`name`,`type`,`url`,`order_no`,`updater`,`update_datetime`,`remark`,`parent_code`,`system_code`) VALUES ('DZTSM2016101716241339082','运营管理','1','#','1','admin','2017-04-13 10:46:14','','DZTSM201600001000000001','CD-CDZT000009');
INSERT INTO `tsys_menu` (`code`,`name`,`type`,`url`,`order_no`,`updater`,`update_datetime`,`remark`,`parent_code`,`system_code`) VALUES ('DZTSM2016101716253866426','角色管理','1','/security/role.htm','1','admin','2017-04-13 10:46:14','','DZTSM2016101716241339082','CD-CDZT000009');
INSERT INTO `tsys_menu` (`code`,`name`,`type`,`url`,`order_no`,`updater`,`update_datetime`,`remark`,`parent_code`,`system_code`) VALUES ('DZTSM2016101716261754674','用户管理','1','/security/user.htm','2','admin','2017-04-13 10:46:14','','DZTSM2016101716241339082','CD-CDZT000009');
INSERT INTO `tsys_menu` (`code`,`name`,`type`,`url`,`order_no`,`updater`,`update_datetime`,`remark`,`parent_code`,`system_code`) VALUES ('DZTSM2016101716290657836','系统参数管理','1','/general/param.htm','2','admin','2017-04-13 10:46:14','','DZTSM201600001000000002','CD-CDZT000009');
INSERT INTO `tsys_menu` (`code`,`name`,`type`,`url`,`order_no`,`updater`,`update_datetime`,`remark`,`parent_code`,`system_code`) VALUES ('DZTSM2016101716295904680','数据字典管理','1','/general/dict.htm','3','admin','2017-04-13 10:46:14','','DZTSM201600001000000002','CD-CDZT000009');
INSERT INTO `tsys_menu` (`code`,`name`,`type`,`url`,`order_no`,`updater`,`update_datetime`,`remark`,`parent_code`,`system_code`) VALUES ('DZTSM2016101716450533995','分配菜单','2','/change','4','admin','2017-04-13 10:46:14','','DZTSM2016101716253866426','CD-CDZT000009');
INSERT INTO `tsys_menu` (`code`,`name`,`type`,`url`,`order_no`,`updater`,`update_datetime`,`remark`,`parent_code`,`system_code`) VALUES ('DZTSM2016101717551955993','新增','2','/add','1','admin','2017-04-13 10:46:14','','DZTSM2016101716253866426','CD-CDZT000009');
INSERT INTO `tsys_menu` (`code`,`name`,`type`,`url`,`order_no`,`updater`,`update_datetime`,`remark`,`parent_code`,`system_code`) VALUES ('DZTSM2016101717560118734','修改','2','/edit','2','admin','2017-04-13 10:46:14','','DZTSM2016101716253866426','CD-CDZT000009');
INSERT INTO `tsys_menu` (`code`,`name`,`type`,`url`,`order_no`,`updater`,`update_datetime`,`remark`,`parent_code`,`system_code`) VALUES ('DZTSM2016101717563661357','删除','2','/delete','3','admin','2017-04-13 10:46:14','','DZTSM2016101716253866426','CD-CDZT000009');
INSERT INTO `tsys_menu` (`code`,`name`,`type`,`url`,`order_no`,`updater`,`update_datetime`,`remark`,`parent_code`,`system_code`) VALUES ('DZTSM2016101719082391126','新增','2','/add','1','admin','2017-04-13 10:46:14','','DZTSM2016101716261754674','CD-CDZT000009');
INSERT INTO `tsys_menu` (`code`,`name`,`type`,`url`,`order_no`,`updater`,`update_datetime`,`remark`,`parent_code`,`system_code`) VALUES ('DZTSM2016101719094151894','重置密码','2','/reset','2','admin','2017-04-13 10:46:14','','DZTSM2016101716261754674','CD-CDZT000009');
INSERT INTO `tsys_menu` (`code`,`name`,`type`,`url`,`order_no`,`updater`,`update_datetime`,`remark`,`parent_code`,`system_code`) VALUES ('DZTSM2016101719100760088','注销','2','/rock','4','admin','2017-04-13 10:46:14','','DZTSM2016101716261754674','CD-CDZT000009');
INSERT INTO `tsys_menu` (`code`,`name`,`type`,`url`,`order_no`,`updater`,`update_datetime`,`remark`,`parent_code`,`system_code`) VALUES ('DZTSM2016101719110981215','设置角色','2','/assign','5','admin','2017-04-13 10:46:14','','DZTSM2016101716261754674','CD-CDZT000009');
INSERT INTO `tsys_menu` (`code`,`name`,`type`,`url`,`order_no`,`updater`,`update_datetime`,`remark`,`parent_code`,`system_code`) VALUES ('DZTSM2016101719140087629','修改','2','/edit','1','admin','2017-04-13 10:46:14','','DZTSM2016101716290657836','CD-CDZT000009');
INSERT INTO `tsys_menu` (`code`,`name`,`type`,`url`,`order_no`,`updater`,`update_datetime`,`remark`,`parent_code`,`system_code`) VALUES ('DZTSM2016101719143965297','修改','2','/edit','1','admin','2017-04-13 10:46:14','','DZTSM2016101716295904680','CD-CDZT000009');
INSERT INTO `tsys_menu` (`code`,`name`,`type`,`url`,`order_no`,`updater`,`update_datetime`,`remark`,`parent_code`,`system_code`) VALUES ('DZTSM2016120610552303416','激活','2','/active','3','admin','2017-04-13 10:46:14','','DZTSM2016101716261754674','CD-CDZT000009');
INSERT INTO `tsys_menu` (`code`,`name`,`type`,`url`,`order_no`,`updater`,`update_datetime`,`remark`,`parent_code`,`system_code`) VALUES ('DZTSM2017032911200961325','修改','2','/edit','2','admin','2017-04-13 10:46:14','','DZTSM201600001000000003','CD-CDZT000009');
INSERT INTO `tsys_menu` (`code`,`name`,`type`,`url`,`order_no`,`updater`,`update_datetime`,`remark`,`parent_code`,`system_code`) VALUES ('SM2017041310580307978','平台管理','1','#','2','admin','2017-04-13 10:58:03','','DZTSM201600000000000000','CD-CDZT000009');
INSERT INTO `tsys_menu` (`code`,`name`,`type`,`url`,`order_no`,`updater`,`update_datetime`,`remark`,`parent_code`,`system_code`) VALUES ('SM2017041313190664381','我的账户','1','#','1','admin','2017-04-13 13:19:06','','SM2017041310580307978','CD-CDZT000009');
INSERT INTO `tsys_menu` (`code`,`name`,`type`,`url`,`order_no`,`updater`,`update_datetime`,`remark`,`parent_code`,`system_code`) VALUES ('SM201704131320495813','我的账户','1','/plantform/account.htm','1','admin','2017-04-13 13:20:49','','SM2017041313190664381','CD-CDZT000009');
INSERT INTO `tsys_menu` (`code`,`name`,`type`,`url`,`order_no`,`updater`,`update_datetime`,`remark`,`parent_code`,`system_code`) VALUES ('SM2017041313213512694','产品管理','1','#','10','admin','2017-04-13 13:21:35','','SM2017041310580307978','CD-CDZT000009');
INSERT INTO `tsys_menu` (`code`,`name`,`type`,`url`,`order_no`,`updater`,`update_datetime`,`remark`,`parent_code`,`system_code`) VALUES ('SM2017041313232948342','产品管理','1','/product/product.htm','1','admin','2017-04-13 13:23:29','','SM2017041313213512694','CD-CDZT000009');
INSERT INTO `tsys_menu` (`code`,`name`,`type`,`url`,`order_no`,`updater`,`update_datetime`,`remark`,`parent_code`,`system_code`) VALUES ('SM2017041313251436962','产品规格管理','1','/product/parameter.htm','2','admin','2017-04-13 13:25:14','','SM2017041313213512694','CD-CDZT000009');
INSERT INTO `tsys_menu` (`code`,`name`,`type`,`url`,`order_no`,`updater`,`update_datetime`,`remark`,`parent_code`,`system_code`) VALUES ('SM2017041313262508862','修改','2','/edit','2','admin','2017-04-13 13:26:25','','SM2017041313232948342','CD-CDZT000009');
INSERT INTO `tsys_menu` (`code`,`name`,`type`,`url`,`order_no`,`updater`,`update_datetime`,`remark`,`parent_code`,`system_code`) VALUES ('SM2017041313285641867','修改','2','/edit','2','admin','2017-04-13 13:28:56','','SM2017041313251436962','CD-CDZT000009');
INSERT INTO `tsys_menu` (`code`,`name`,`type`,`url`,`order_no`,`updater`,`update_datetime`,`remark`,`parent_code`,`system_code`) VALUES ('SM2017041313295293187','订单跟踪','1','#','20','admin','2017-04-13 13:29:52','','SM2017041310580307978','CD-CDZT000009');
INSERT INTO `tsys_menu` (`code`,`name`,`type`,`url`,`order_no`,`updater`,`update_datetime`,`remark`,`parent_code`,`system_code`) VALUES ('SM2017041313303898011','订单处理','1','/product/order.htm','1','admin','2017-04-13 13:30:38','','SM2017041313295293187','CD-CDZT000009');
INSERT INTO `tsys_menu` (`code`,`name`,`type`,`url`,`order_no`,`updater`,`update_datetime`,`remark`,`parent_code`,`system_code`) VALUES ('SM2017041313321297468','派单','2','/edit2','3','admin','2017-04-13 13:32:12','','SM2017041313303898011','CD-CDZT000009');
INSERT INTO `tsys_menu` (`code`,`name`,`type`,`url`,`order_no`,`updater`,`update_datetime`,`remark`,`parent_code`,`system_code`) VALUES ('SM2017041313332657539','代支付','2','/pay','4','admin','2017-04-13 13:33:26','','SM2017041313303898011','CD-CDZT000009');
INSERT INTO `tsys_menu` (`code`,`name`,`type`,`url`,`order_no`,`updater`,`update_datetime`,`remark`,`parent_code`,`system_code`) VALUES ('SM2017041313340342897','数据录入','2','/shu','6','admin','2017-04-13 13:34:03','','SM2017041313303898011','CD-CDZT000009');
INSERT INTO `tsys_menu` (`code`,`name`,`type`,`url`,`order_no`,`updater`,`update_datetime`,`remark`,`parent_code`,`system_code`) VALUES ('SM2017041313342945833','复核','2','/che','7','admin','2017-04-13 13:34:29','','SM2017041313303898011','CD-CDZT000009');
INSERT INTO `tsys_menu` (`code`,`name`,`type`,`url`,`order_no`,`updater`,`update_datetime`,`remark`,`parent_code`,`system_code`) VALUES ('SM2017041313350458534','提交工厂','2','/sub','8','admin','2017-04-13 13:35:04','','SM2017041313303898011','CD-CDZT000009');
INSERT INTO `tsys_menu` (`code`,`name`,`type`,`url`,`order_no`,`updater`,`update_datetime`,`remark`,`parent_code`,`system_code`) VALUES ('SM2017041313352613588','发货回录','2','/send','9','admin','2017-04-13 13:35:26','','SM2017041313303898011','CD-CDZT000009');
INSERT INTO `tsys_menu` (`code`,`name`,`type`,`url`,`order_no`,`updater`,`update_datetime`,`remark`,`parent_code`,`system_code`) VALUES ('SM2017041313361961620','确认收货','2','/rece','9','admin','2017-04-13 13:36:19','','SM2017041313303898011','CD-CDZT000009');
INSERT INTO `tsys_menu` (`code`,`name`,`type`,`url`,`order_no`,`updater`,`update_datetime`,`remark`,`parent_code`,`system_code`) VALUES ('SM201704131336403336','取消','2','/calcel','9','admin','2017-04-13 13:36:40','','SM2017041313303898011','CD-CDZT000009');
INSERT INTO `tsys_menu` (`code`,`name`,`type`,`url`,`order_no`,`updater`,`update_datetime`,`remark`,`parent_code`,`system_code`) VALUES ('SM201704131338579643','订单查询','1','/product/orderSearch.htm','2','admin','2017-04-13 13:38:57','','SM2017041313295293187','CD-CDZT000009');
INSERT INTO `tsys_menu` (`code`,`name`,`type`,`url`,`order_no`,`updater`,`update_datetime`,`remark`,`parent_code`,`system_code`) VALUES ('SM2017041313401262363','会员管理','1','#','30','admin','2017-04-13 13:40:12','','SM2017041310580307978','CD-CDZT000009');
INSERT INTO `tsys_menu` (`code`,`name`,`type`,`url`,`order_no`,`updater`,`update_datetime`,`remark`,`parent_code`,`system_code`) VALUES ('SM201704131341252732','合伙人管理','1','/member/partner.htm','1','admin','2017-04-13 13:41:25','','SM2017041313401262363','CD-CDZT000009');
INSERT INTO `tsys_menu` (`code`,`name`,`type`,`url`,`order_no`,`updater`,`update_datetime`,`remark`,`parent_code`,`system_code`) VALUES ('SM2017041313414410249','新增','2','/add','1','admin','2017-04-13 13:41:44','','SM201704131341252732','CD-CDZT000009');
INSERT INTO `tsys_menu` (`code`,`name`,`type`,`url`,`order_no`,`updater`,`update_datetime`,`remark`,`parent_code`,`system_code`) VALUES ('SM2017041313420675849','修改','2','/edit2','2','admin','2017-04-14 14:13:42','','SM201704131341252732','CD-CDZT000009');
INSERT INTO `tsys_menu` (`code`,`name`,`type`,`url`,`order_no`,`updater`,`update_datetime`,`remark`,`parent_code`,`system_code`) VALUES ('SM2017041313440900776','冻结','2','/rock','3','admin','2017-04-13 13:44:09','','SM201704131341252732','CD-CDZT000009');
INSERT INTO `tsys_menu` (`code`,`name`,`type`,`url`,`order_no`,`updater`,`update_datetime`,`remark`,`parent_code`,`system_code`) VALUES ('SM2017041313444131225','解冻','2','/active','4','admin','2017-04-13 13:44:41','','SM201704131341252732','CD-CDZT000009');
INSERT INTO `tsys_menu` (`code`,`name`,`type`,`url`,`order_no`,`updater`,`update_datetime`,`remark`,`parent_code`,`system_code`) VALUES ('SM2017041313453155639','业绩','2','/achieve','5','admin','2017-04-13 13:45:31','','SM201704131341252732','CD-CDZT000009');
INSERT INTO `tsys_menu` (`code`,`name`,`type`,`url`,`order_no`,`updater`,`update_datetime`,`remark`,`parent_code`,`system_code`) VALUES ('SM2017041313455114042','账户','2','/account','8','admin','2017-04-13 13:45:51','','SM201704131341252732','CD-CDZT000009');
INSERT INTO `tsys_menu` (`code`,`name`,`type`,`url`,`order_no`,`updater`,`update_datetime`,`remark`,`parent_code`,`system_code`) VALUES ('SM2017041313480003423','量体师管理','1','/member/quantity.htm','2','admin','2017-04-13 13:57:31','','SM2017041313401262363','CD-CDZT000009');
INSERT INTO `tsys_menu` (`code`,`name`,`type`,`url`,`order_no`,`updater`,`update_datetime`,`remark`,`parent_code`,`system_code`) VALUES ('SM2017041313551484131','详情','2','/detail','1','admin','2017-04-13 13:55:14','','SM201704131338579643','CD-CDZT000009');
INSERT INTO `tsys_menu` (`code`,`name`,`type`,`url`,`order_no`,`updater`,`update_datetime`,`remark`,`parent_code`,`system_code`) VALUES ('SM2017041313560140497','导出','2','/export','2','admin','2017-04-13 13:56:17','','SM201704131338579643','CD-CDZT000009');
INSERT INTO `tsys_menu` (`code`,`name`,`type`,`url`,`order_no`,`updater`,`update_datetime`,`remark`,`parent_code`,`system_code`) VALUES ('SM2017041313575289597','新增','2','/add','1','admin','2017-04-13 13:57:52','','SM2017041313480003423','CD-CDZT000009');
INSERT INTO `tsys_menu` (`code`,`name`,`type`,`url`,`order_no`,`updater`,`update_datetime`,`remark`,`parent_code`,`system_code`) VALUES ('SM2017041313583558733','修改','2','/edit2','2','admin','2017-04-13 13:58:35','','SM2017041313480003423','CD-CDZT000009');
INSERT INTO `tsys_menu` (`code`,`name`,`type`,`url`,`order_no`,`updater`,`update_datetime`,`remark`,`parent_code`,`system_code`) VALUES ('SM2017041313590081650','冻结','2','/rock','3','admin','2017-04-13 13:59:00','','SM2017041313480003423','CD-CDZT000009');
INSERT INTO `tsys_menu` (`code`,`name`,`type`,`url`,`order_no`,`updater`,`update_datetime`,`remark`,`parent_code`,`system_code`) VALUES ('SM2017041313592911077','解冻','2','/active','4','admin','2017-04-13 13:59:29','','SM2017041313480003423','CD-CDZT000009');
INSERT INTO `tsys_menu` (`code`,`name`,`type`,`url`,`order_no`,`updater`,`update_datetime`,`remark`,`parent_code`,`system_code`) VALUES ('SM2017041313595671330','业绩','2','/achieve','5','admin','2017-04-13 13:59:56','','SM2017041313480003423','CD-CDZT000009');
INSERT INTO `tsys_menu` (`code`,`name`,`type`,`url`,`order_no`,`updater`,`update_datetime`,`remark`,`parent_code`,`system_code`) VALUES ('SM2017041314002598637','账户','2','/account','7','admin','2017-04-13 14:00:25','','SM2017041313480003423','CD-CDZT000009');
INSERT INTO `tsys_menu` (`code`,`name`,`type`,`url`,`order_no`,`updater`,`update_datetime`,`remark`,`parent_code`,`system_code`) VALUES ('SM2017041314014649235','客户管理','1','/member/custom.htm','3','admin','2017-04-13 14:01:46','','SM2017041313401262363','CD-CDZT000009');
INSERT INTO `tsys_menu` (`code`,`name`,`type`,`url`,`order_no`,`updater`,`update_datetime`,`remark`,`parent_code`,`system_code`) VALUES ('SM2017041314031392992','冻结','2','/rock','1','admin','2017-04-13 14:03:13','','SM2017041314014649235','CD-CDZT000009');
INSERT INTO `tsys_menu` (`code`,`name`,`type`,`url`,`order_no`,`updater`,`update_datetime`,`remark`,`parent_code`,`system_code`) VALUES ('SM2017041314035766837','解冻','2','/active','2','admin','2017-04-13 14:03:57','','SM2017041314014649235','CD-CDZT000009');
INSERT INTO `tsys_menu` (`code`,`name`,`type`,`url`,`order_no`,`updater`,`update_datetime`,`remark`,`parent_code`,`system_code`) VALUES ('SM201704131404385959','订单','2','/order','3','admin','2017-04-13 14:04:38','','SM2017041314014649235','CD-CDZT000009');
INSERT INTO `tsys_menu` (`code`,`name`,`type`,`url`,`order_no`,`updater`,`update_datetime`,`remark`,`parent_code`,`system_code`) VALUES ('SM2017041314054970250','账户','2','/account','4','admin','2017-04-13 14:05:49','','SM2017041314014649235','CD-CDZT000009');
INSERT INTO `tsys_menu` (`code`,`name`,`type`,`url`,`order_no`,`updater`,`update_datetime`,`remark`,`parent_code`,`system_code`) VALUES ('SM2017041314074364565','财务管理','1','#','40','admin','2017-04-13 14:07:43','','SM2017041310580307978','CD-CDZT000009');
INSERT INTO `tsys_menu` (`code`,`name`,`type`,`url`,`order_no`,`updater`,`update_datetime`,`remark`,`parent_code`,`system_code`) VALUES ('SM2017041314120921312','线下充值','1','/finance/recharge.htm','1','admin','2017-04-13 14:12:09','','SM2017041314074364565','CD-CDZT000009');
INSERT INTO `tsys_menu` (`code`,`name`,`type`,`url`,`order_no`,`updater`,`update_datetime`,`remark`,`parent_code`,`system_code`) VALUES ('SM2017041314123980435','线下取现','1','/finance/access.htm','2','admin','2017-04-13 14:12:39','','SM2017041314074364565','CD-CDZT000009');
INSERT INTO `tsys_menu` (`code`,`name`,`type`,`url`,`order_no`,`updater`,`update_datetime`,`remark`,`parent_code`,`system_code`) VALUES ('SM201704131414365985','充值历史查询','1','/finance/history.htm','3','admin','2017-04-13 14:14:36','','SM2017041314074364565','CD-CDZT000009');
INSERT INTO `tsys_menu` (`code`,`name`,`type`,`url`,`order_no`,`updater`,`update_datetime`,`remark`,`parent_code`,`system_code`) VALUES ('SM2017041314154096537','文章管理','1','#','60','admin','2017-04-13 14:15:40','','SM2017041310580307978','CD-CDZT000009');
INSERT INTO `tsys_menu` (`code`,`name`,`type`,`url`,`order_no`,`updater`,`update_datetime`,`remark`,`parent_code`,`system_code`) VALUES ('SM2017041314165042697','关于我们','1','/public/aboutus.htm','1','admin','2017-04-13 14:16:50','','SM2017041314154096537','CD-CDZT000009');
INSERT INTO `tsys_menu` (`code`,`name`,`type`,`url`,`order_no`,`updater`,`update_datetime`,`remark`,`parent_code`,`system_code`) VALUES ('SM2017041409583066937','线下取现','2','/add','1','admin','2017-04-14 09:58:30','','SM2017041314123980435','CD-CDZT000009');
INSERT INTO `tsys_menu` (`code`,`name`,`type`,`url`,`order_no`,`updater`,`update_datetime`,`remark`,`parent_code`,`system_code`) VALUES ('SM2017041409585118929','审核','2','/che','2','admin','2017-04-14 09:58:51','','SM2017041314123980435','CD-CDZT000009');
INSERT INTO `tsys_menu` (`code`,`name`,`type`,`url`,`order_no`,`updater`,`update_datetime`,`remark`,`parent_code`,`system_code`) VALUES ('SM2017041410020587767','线下充值','2','/add','1','admin','2017-04-14 10:02:05','','SM2017041314120921312','CD-CDZT000009');
INSERT INTO `tsys_menu` (`code`,`name`,`type`,`url`,`order_no`,`updater`,`update_datetime`,`remark`,`parent_code`,`system_code`) VALUES ('SM2017041410024359972','审核','2','/che','2','admin','2017-04-14 10:02:43','','SM2017041314120921312','CD-CDZT000009');
INSERT INTO `tsys_menu` (`code`,`name`,`type`,`url`,`order_no`,`updater`,`update_datetime`,`remark`,`parent_code`,`system_code`) VALUES ('SM2017041810123188995','代预约','2','/add','0','admin','2017-04-18 10:12:31','','SM2017041313303898011','CD-CDZT000009');
INSERT INTO `tsys_menu` (`code`,`name`,`type`,`url`,`order_no`,`updater`,`update_datetime`,`remark`,`parent_code`,`system_code`) VALUES ('SM2017041810141355763','代复购','2','/rePurchase','1','admin','2017-04-18 10:14:13','','SM2017041313303898011','CD-CDZT000009');
INSERT INTO `tsys_menu` (`code`,`name`,`type`,`url`,`order_no`,`updater`,`update_datetime`,`remark`,`parent_code`,`system_code`) VALUES ('SM2017041814393731341','代定价','2','/price','3','admin','2017-04-18 14:39:37','','SM2017041313303898011','CD-CDZT000009');
INSERT INTO `tsys_menu` (`code`,`name`,`type`,`url`,`order_no`,`updater`,`update_datetime`,`remark`,`parent_code`,`system_code`) VALUES ('SM2017041917023185272','提交复核','2','/tijiao','5','admin','2017-04-19 17:02:31','','SM2017041313303898011','CD-CDZT000009');
INSERT INTO `tsys_menu` (`code`,`name`,`type`,`url`,`order_no`,`updater`,`update_datetime`,`remark`,`parent_code`,`system_code`) VALUES ('SM201704192049030331','合伙人','1','#','3','admin','2017-04-19 20:49:03','','DZTSM201600000000000000','CD-CDZT000009');
INSERT INTO `tsys_menu` (`code`,`name`,`type`,`url`,`order_no`,`updater`,`update_datetime`,`remark`,`parent_code`,`system_code`) VALUES ('SM2017041920494266687','结算管理','1','#','1','admin','2017-04-19 20:49:42','','SM201704192049030331','CD-CDZT000009');
INSERT INTO `tsys_menu` (`code`,`name`,`type`,`url`,`order_no`,`updater`,`update_datetime`,`remark`,`parent_code`,`system_code`) VALUES ('SM2017041921000180330','我的账户','1','/partner/account.htm','1','admin','2017-04-19 21:00:01','','SM2017041920494266687','CD-CDZT000009');
INSERT INTO `tsys_menu` (`code`,`name`,`type`,`url`,`order_no`,`updater`,`update_datetime`,`remark`,`parent_code`,`system_code`) VALUES ('SM2017041921003965529','辖区管理','1','#','20','admin','2017-04-19 21:00:39','','SM201704192049030331','CD-CDZT000009');
INSERT INTO `tsys_menu` (`code`,`name`,`type`,`url`,`order_no`,`updater`,`update_datetime`,`remark`,`parent_code`,`system_code`) VALUES ('SM2017041921014000235','我的订单','1','/partner/order.htm','1','admin','2017-04-19 21:01:40','','SM2017041921003965529','CD-CDZT000009');
INSERT INTO `tsys_menu` (`code`,`name`,`type`,`url`,`order_no`,`updater`,`update_datetime`,`remark`,`parent_code`,`system_code`) VALUES ('SM2017041921022424332','辖区会员','1','#','30','admin','2017-04-19 21:02:24','','SM201704192049030331','CD-CDZT000009');
INSERT INTO `tsys_menu` (`code`,`name`,`type`,`url`,`order_no`,`updater`,`update_datetime`,`remark`,`parent_code`,`system_code`) VALUES ('SM2017041921061513337','量体师管理','1','/partner/quantity.htm','1','admin','2017-04-19 21:06:15','','SM2017041921022424332','CD-CDZT000009');
INSERT INTO `tsys_menu` (`code`,`name`,`type`,`url`,`order_no`,`updater`,`update_datetime`,`remark`,`parent_code`,`system_code`) VALUES ('SM2017041921184857460','新增','2','/add','1','admin','2017-04-19 21:18:48','','SM2017041921061513337','CD-CDZT000009');
INSERT INTO `tsys_menu` (`code`,`name`,`type`,`url`,`order_no`,`updater`,`update_datetime`,`remark`,`parent_code`,`system_code`) VALUES ('SM2017041921190862561','修改','2','/edit','2','admin','2017-04-19 21:19:08','','SM2017041921061513337','CD-CDZT000009');
INSERT INTO `tsys_menu` (`code`,`name`,`type`,`url`,`order_no`,`updater`,`update_datetime`,`remark`,`parent_code`,`system_code`) VALUES ('SM2017041921192958012','冻结','2','/rock','3','admin','2017-04-19 21:19:29','','SM2017041921061513337','CD-CDZT000009');
INSERT INTO `tsys_menu` (`code`,`name`,`type`,`url`,`order_no`,`updater`,`update_datetime`,`remark`,`parent_code`,`system_code`) VALUES ('SM2017041921195357862','解冻','2','/active','4','admin','2017-04-19 21:19:53','','SM2017041921061513337','CD-CDZT000009');
INSERT INTO `tsys_menu` (`code`,`name`,`type`,`url`,`order_no`,`updater`,`update_datetime`,`remark`,`parent_code`,`system_code`) VALUES ('SM2017041921201807179','业绩','2','/achieve','5','admin','2017-04-19 21:20:18','','SM2017041921061513337','CD-CDZT000009');
INSERT INTO `tsys_menu` (`code`,`name`,`type`,`url`,`order_no`,`updater`,`update_datetime`,`remark`,`parent_code`,`system_code`) VALUES ('SM2017041921203940711','账户','2','/account','6','admin','2017-04-19 21:20:39','','SM2017041921061513337','CD-CDZT000009');
INSERT INTO `tsys_menu` (`code`,`name`,`type`,`url`,`order_no`,`updater`,`update_datetime`,`remark`,`parent_code`,`system_code`) VALUES ('SM2017041921362870185','派单','2','/edit2','1','admin','2017-04-19 21:36:28','','SM2017041921014000235','CD-CDZT000009');
INSERT INTO `tsys_menu` (`code`,`name`,`type`,`url`,`order_no`,`updater`,`update_datetime`,`remark`,`parent_code`,`system_code`) VALUES ('SM2017041921365573353','复核','2','/tijiao','2','admin','2017-04-19 21:42:19','','SM2017041921014000235','CD-CDZT000009');

/*
-- Query: SELECT * FROM std_user.tsys_menu_role where system_code = 'CD-CDZT000009'
-- Date: 2017-04-19 22:08
*/
INSERT INTO `tsys_menu_role` (`id`,`role_code`,`menu_code`,`updater`,`update_datetime`,`remark`,`system_code`) VALUES (21294,'DZTSR2017041310190267791','DZTSM201600000000000000','admin','2017-04-19 17:02:41',NULL,'CD-CDZT000009');
INSERT INTO `tsys_menu_role` (`id`,`role_code`,`menu_code`,`updater`,`update_datetime`,`remark`,`system_code`) VALUES (21295,'DZTSR2017041310190267791','DZTSM201600001000000001','admin','2017-04-19 17:02:41',NULL,'CD-CDZT000009');
INSERT INTO `tsys_menu_role` (`id`,`role_code`,`menu_code`,`updater`,`update_datetime`,`remark`,`system_code`) VALUES (21296,'DZTSR2017041310190267791','DZTSM201600001000000002','admin','2017-04-19 17:02:41',NULL,'CD-CDZT000009');
INSERT INTO `tsys_menu_role` (`id`,`role_code`,`menu_code`,`updater`,`update_datetime`,`remark`,`system_code`) VALUES (21297,'DZTSR2017041310190267791','DZTSM201600001000000003','admin','2017-04-19 17:02:41',NULL,'CD-CDZT000009');
INSERT INTO `tsys_menu_role` (`id`,`role_code`,`menu_code`,`updater`,`update_datetime`,`remark`,`system_code`) VALUES (21298,'DZTSR2017041310190267791','DZTSM201600001000000004','admin','2017-04-19 17:02:41',NULL,'CD-CDZT000009');
INSERT INTO `tsys_menu_role` (`id`,`role_code`,`menu_code`,`updater`,`update_datetime`,`remark`,`system_code`) VALUES (21299,'DZTSR2017041310190267791','DZTSM2017032911200961325','admin','2017-04-19 17:02:41',NULL,'CD-CDZT000009');
INSERT INTO `tsys_menu_role` (`id`,`role_code`,`menu_code`,`updater`,`update_datetime`,`remark`,`system_code`) VALUES (21300,'DZTSR2017041310190267791','DZTSM2016101716290657836','admin','2017-04-19 17:02:41',NULL,'CD-CDZT000009');
INSERT INTO `tsys_menu_role` (`id`,`role_code`,`menu_code`,`updater`,`update_datetime`,`remark`,`system_code`) VALUES (21301,'DZTSR2017041310190267791','DZTSM2016101719140087629','admin','2017-04-19 17:02:41',NULL,'CD-CDZT000009');
INSERT INTO `tsys_menu_role` (`id`,`role_code`,`menu_code`,`updater`,`update_datetime`,`remark`,`system_code`) VALUES (21302,'DZTSR2017041310190267791','DZTSM2016101716295904680','admin','2017-04-19 17:02:41',NULL,'CD-CDZT000009');
INSERT INTO `tsys_menu_role` (`id`,`role_code`,`menu_code`,`updater`,`update_datetime`,`remark`,`system_code`) VALUES (21303,'DZTSR2017041310190267791','DZTSM2016101719143965297','admin','2017-04-19 17:02:41',NULL,'CD-CDZT000009');
INSERT INTO `tsys_menu_role` (`id`,`role_code`,`menu_code`,`updater`,`update_datetime`,`remark`,`system_code`) VALUES (21304,'DZTSR2017041310190267791','DZTSM2016101716241339082','admin','2017-04-19 17:02:41',NULL,'CD-CDZT000009');
INSERT INTO `tsys_menu_role` (`id`,`role_code`,`menu_code`,`updater`,`update_datetime`,`remark`,`system_code`) VALUES (21305,'DZTSR2017041310190267791','DZTSM2016101716253866426','admin','2017-04-19 17:02:41',NULL,'CD-CDZT000009');
INSERT INTO `tsys_menu_role` (`id`,`role_code`,`menu_code`,`updater`,`update_datetime`,`remark`,`system_code`) VALUES (21306,'DZTSR2017041310190267791','DZTSM2016101716450533995','admin','2017-04-19 17:02:41',NULL,'CD-CDZT000009');
INSERT INTO `tsys_menu_role` (`id`,`role_code`,`menu_code`,`updater`,`update_datetime`,`remark`,`system_code`) VALUES (21307,'DZTSR2017041310190267791','DZTSM2016101717551955993','admin','2017-04-19 17:02:41',NULL,'CD-CDZT000009');
INSERT INTO `tsys_menu_role` (`id`,`role_code`,`menu_code`,`updater`,`update_datetime`,`remark`,`system_code`) VALUES (21308,'DZTSR2017041310190267791','DZTSM2016101717560118734','admin','2017-04-19 17:02:41',NULL,'CD-CDZT000009');
INSERT INTO `tsys_menu_role` (`id`,`role_code`,`menu_code`,`updater`,`update_datetime`,`remark`,`system_code`) VALUES (21309,'DZTSR2017041310190267791','DZTSM2016101717563661357','admin','2017-04-19 17:02:41',NULL,'CD-CDZT000009');
INSERT INTO `tsys_menu_role` (`id`,`role_code`,`menu_code`,`updater`,`update_datetime`,`remark`,`system_code`) VALUES (21310,'DZTSR2017041310190267791','DZTSM2016101716261754674','admin','2017-04-19 17:02:41',NULL,'CD-CDZT000009');
INSERT INTO `tsys_menu_role` (`id`,`role_code`,`menu_code`,`updater`,`update_datetime`,`remark`,`system_code`) VALUES (21311,'DZTSR2017041310190267791','DZTSM2016101719082391126','admin','2017-04-19 17:02:41',NULL,'CD-CDZT000009');
INSERT INTO `tsys_menu_role` (`id`,`role_code`,`menu_code`,`updater`,`update_datetime`,`remark`,`system_code`) VALUES (21312,'DZTSR2017041310190267791','DZTSM2016101719094151894','admin','2017-04-19 17:02:41',NULL,'CD-CDZT000009');
INSERT INTO `tsys_menu_role` (`id`,`role_code`,`menu_code`,`updater`,`update_datetime`,`remark`,`system_code`) VALUES (21313,'DZTSR2017041310190267791','DZTSM2016101719100760088','admin','2017-04-19 17:02:41',NULL,'CD-CDZT000009');
INSERT INTO `tsys_menu_role` (`id`,`role_code`,`menu_code`,`updater`,`update_datetime`,`remark`,`system_code`) VALUES (21314,'DZTSR2017041310190267791','DZTSM2016101719110981215','admin','2017-04-19 17:02:41',NULL,'CD-CDZT000009');
INSERT INTO `tsys_menu_role` (`id`,`role_code`,`menu_code`,`updater`,`update_datetime`,`remark`,`system_code`) VALUES (21315,'DZTSR2017041310190267791','DZTSM2016120610552303416','admin','2017-04-19 17:02:41',NULL,'CD-CDZT000009');
INSERT INTO `tsys_menu_role` (`id`,`role_code`,`menu_code`,`updater`,`update_datetime`,`remark`,`system_code`) VALUES (21316,'DZTSR2017041310190267791','SM2017041310580307978','admin','2017-04-19 17:02:41',NULL,'CD-CDZT000009');
INSERT INTO `tsys_menu_role` (`id`,`role_code`,`menu_code`,`updater`,`update_datetime`,`remark`,`system_code`) VALUES (21317,'DZTSR2017041310190267791','SM2017041313190664381','admin','2017-04-19 17:02:41',NULL,'CD-CDZT000009');
INSERT INTO `tsys_menu_role` (`id`,`role_code`,`menu_code`,`updater`,`update_datetime`,`remark`,`system_code`) VALUES (21318,'DZTSR2017041310190267791','SM201704131320495813','admin','2017-04-19 17:02:41',NULL,'CD-CDZT000009');
INSERT INTO `tsys_menu_role` (`id`,`role_code`,`menu_code`,`updater`,`update_datetime`,`remark`,`system_code`) VALUES (21319,'DZTSR2017041310190267791','SM2017041313213512694','admin','2017-04-19 17:02:41',NULL,'CD-CDZT000009');
INSERT INTO `tsys_menu_role` (`id`,`role_code`,`menu_code`,`updater`,`update_datetime`,`remark`,`system_code`) VALUES (21320,'DZTSR2017041310190267791','SM2017041313232948342','admin','2017-04-19 17:02:41',NULL,'CD-CDZT000009');
INSERT INTO `tsys_menu_role` (`id`,`role_code`,`menu_code`,`updater`,`update_datetime`,`remark`,`system_code`) VALUES (21321,'DZTSR2017041310190267791','SM2017041313262508862','admin','2017-04-19 17:02:41',NULL,'CD-CDZT000009');
INSERT INTO `tsys_menu_role` (`id`,`role_code`,`menu_code`,`updater`,`update_datetime`,`remark`,`system_code`) VALUES (21322,'DZTSR2017041310190267791','SM2017041313251436962','admin','2017-04-19 17:02:41',NULL,'CD-CDZT000009');
INSERT INTO `tsys_menu_role` (`id`,`role_code`,`menu_code`,`updater`,`update_datetime`,`remark`,`system_code`) VALUES (21323,'DZTSR2017041310190267791','SM2017041313285641867','admin','2017-04-19 17:02:41',NULL,'CD-CDZT000009');
INSERT INTO `tsys_menu_role` (`id`,`role_code`,`menu_code`,`updater`,`update_datetime`,`remark`,`system_code`) VALUES (21324,'DZTSR2017041310190267791','SM2017041313295293187','admin','2017-04-19 17:02:41',NULL,'CD-CDZT000009');
INSERT INTO `tsys_menu_role` (`id`,`role_code`,`menu_code`,`updater`,`update_datetime`,`remark`,`system_code`) VALUES (21325,'DZTSR2017041310190267791','SM2017041313303898011','admin','2017-04-19 17:02:41',NULL,'CD-CDZT000009');
INSERT INTO `tsys_menu_role` (`id`,`role_code`,`menu_code`,`updater`,`update_datetime`,`remark`,`system_code`) VALUES (21326,'DZTSR2017041310190267791','SM2017041313321297468','admin','2017-04-19 17:02:41',NULL,'CD-CDZT000009');
INSERT INTO `tsys_menu_role` (`id`,`role_code`,`menu_code`,`updater`,`update_datetime`,`remark`,`system_code`) VALUES (21327,'DZTSR2017041310190267791','SM2017041313332657539','admin','2017-04-19 17:02:41',NULL,'CD-CDZT000009');
INSERT INTO `tsys_menu_role` (`id`,`role_code`,`menu_code`,`updater`,`update_datetime`,`remark`,`system_code`) VALUES (21328,'DZTSR2017041310190267791','SM2017041313340342897','admin','2017-04-19 17:02:41',NULL,'CD-CDZT000009');
INSERT INTO `tsys_menu_role` (`id`,`role_code`,`menu_code`,`updater`,`update_datetime`,`remark`,`system_code`) VALUES (21329,'DZTSR2017041310190267791','SM2017041313342945833','admin','2017-04-19 17:02:41',NULL,'CD-CDZT000009');
INSERT INTO `tsys_menu_role` (`id`,`role_code`,`menu_code`,`updater`,`update_datetime`,`remark`,`system_code`) VALUES (21330,'DZTSR2017041310190267791','SM2017041313350458534','admin','2017-04-19 17:02:41',NULL,'CD-CDZT000009');
INSERT INTO `tsys_menu_role` (`id`,`role_code`,`menu_code`,`updater`,`update_datetime`,`remark`,`system_code`) VALUES (21331,'DZTSR2017041310190267791','SM2017041313352613588','admin','2017-04-19 17:02:41',NULL,'CD-CDZT000009');
INSERT INTO `tsys_menu_role` (`id`,`role_code`,`menu_code`,`updater`,`update_datetime`,`remark`,`system_code`) VALUES (21332,'DZTSR2017041310190267791','SM2017041313361961620','admin','2017-04-19 17:02:41',NULL,'CD-CDZT000009');
INSERT INTO `tsys_menu_role` (`id`,`role_code`,`menu_code`,`updater`,`update_datetime`,`remark`,`system_code`) VALUES (21333,'DZTSR2017041310190267791','SM201704131336403336','admin','2017-04-19 17:02:41',NULL,'CD-CDZT000009');
INSERT INTO `tsys_menu_role` (`id`,`role_code`,`menu_code`,`updater`,`update_datetime`,`remark`,`system_code`) VALUES (21334,'DZTSR2017041310190267791','SM2017041810123188995','admin','2017-04-19 17:02:41',NULL,'CD-CDZT000009');
INSERT INTO `tsys_menu_role` (`id`,`role_code`,`menu_code`,`updater`,`update_datetime`,`remark`,`system_code`) VALUES (21335,'DZTSR2017041310190267791','SM2017041810141355763','admin','2017-04-19 17:02:41',NULL,'CD-CDZT000009');
INSERT INTO `tsys_menu_role` (`id`,`role_code`,`menu_code`,`updater`,`update_datetime`,`remark`,`system_code`) VALUES (21336,'DZTSR2017041310190267791','SM2017041814393731341','admin','2017-04-19 17:02:41',NULL,'CD-CDZT000009');
INSERT INTO `tsys_menu_role` (`id`,`role_code`,`menu_code`,`updater`,`update_datetime`,`remark`,`system_code`) VALUES (21337,'DZTSR2017041310190267791','SM2017041917023185272','admin','2017-04-19 17:02:41',NULL,'CD-CDZT000009');
INSERT INTO `tsys_menu_role` (`id`,`role_code`,`menu_code`,`updater`,`update_datetime`,`remark`,`system_code`) VALUES (21338,'DZTSR2017041310190267791','SM201704131338579643','admin','2017-04-19 17:02:41',NULL,'CD-CDZT000009');
INSERT INTO `tsys_menu_role` (`id`,`role_code`,`menu_code`,`updater`,`update_datetime`,`remark`,`system_code`) VALUES (21339,'DZTSR2017041310190267791','SM2017041313551484131','admin','2017-04-19 17:02:41',NULL,'CD-CDZT000009');
INSERT INTO `tsys_menu_role` (`id`,`role_code`,`menu_code`,`updater`,`update_datetime`,`remark`,`system_code`) VALUES (21340,'DZTSR2017041310190267791','SM2017041313560140497','admin','2017-04-19 17:02:41',NULL,'CD-CDZT000009');
INSERT INTO `tsys_menu_role` (`id`,`role_code`,`menu_code`,`updater`,`update_datetime`,`remark`,`system_code`) VALUES (21341,'DZTSR2017041310190267791','SM2017041313401262363','admin','2017-04-19 17:02:41',NULL,'CD-CDZT000009');
INSERT INTO `tsys_menu_role` (`id`,`role_code`,`menu_code`,`updater`,`update_datetime`,`remark`,`system_code`) VALUES (21342,'DZTSR2017041310190267791','SM201704131341252732','admin','2017-04-19 17:02:41',NULL,'CD-CDZT000009');
INSERT INTO `tsys_menu_role` (`id`,`role_code`,`menu_code`,`updater`,`update_datetime`,`remark`,`system_code`) VALUES (21343,'DZTSR2017041310190267791','SM2017041313414410249','admin','2017-04-19 17:02:41',NULL,'CD-CDZT000009');
INSERT INTO `tsys_menu_role` (`id`,`role_code`,`menu_code`,`updater`,`update_datetime`,`remark`,`system_code`) VALUES (21344,'DZTSR2017041310190267791','SM2017041313420675849','admin','2017-04-19 17:02:41',NULL,'CD-CDZT000009');
INSERT INTO `tsys_menu_role` (`id`,`role_code`,`menu_code`,`updater`,`update_datetime`,`remark`,`system_code`) VALUES (21345,'DZTSR2017041310190267791','SM2017041313440900776','admin','2017-04-19 17:02:41',NULL,'CD-CDZT000009');
INSERT INTO `tsys_menu_role` (`id`,`role_code`,`menu_code`,`updater`,`update_datetime`,`remark`,`system_code`) VALUES (21346,'DZTSR2017041310190267791','SM2017041313444131225','admin','2017-04-19 17:02:41',NULL,'CD-CDZT000009');
INSERT INTO `tsys_menu_role` (`id`,`role_code`,`menu_code`,`updater`,`update_datetime`,`remark`,`system_code`) VALUES (21347,'DZTSR2017041310190267791','SM2017041313453155639','admin','2017-04-19 17:02:41',NULL,'CD-CDZT000009');
INSERT INTO `tsys_menu_role` (`id`,`role_code`,`menu_code`,`updater`,`update_datetime`,`remark`,`system_code`) VALUES (21348,'DZTSR2017041310190267791','SM2017041313455114042','admin','2017-04-19 17:02:41',NULL,'CD-CDZT000009');
INSERT INTO `tsys_menu_role` (`id`,`role_code`,`menu_code`,`updater`,`update_datetime`,`remark`,`system_code`) VALUES (21349,'DZTSR2017041310190267791','SM2017041313480003423','admin','2017-04-19 17:02:41',NULL,'CD-CDZT000009');
INSERT INTO `tsys_menu_role` (`id`,`role_code`,`menu_code`,`updater`,`update_datetime`,`remark`,`system_code`) VALUES (21350,'DZTSR2017041310190267791','SM2017041313575289597','admin','2017-04-19 17:02:41',NULL,'CD-CDZT000009');
INSERT INTO `tsys_menu_role` (`id`,`role_code`,`menu_code`,`updater`,`update_datetime`,`remark`,`system_code`) VALUES (21351,'DZTSR2017041310190267791','SM2017041313583558733','admin','2017-04-19 17:02:41',NULL,'CD-CDZT000009');
INSERT INTO `tsys_menu_role` (`id`,`role_code`,`menu_code`,`updater`,`update_datetime`,`remark`,`system_code`) VALUES (21352,'DZTSR2017041310190267791','SM2017041313590081650','admin','2017-04-19 17:02:41',NULL,'CD-CDZT000009');
INSERT INTO `tsys_menu_role` (`id`,`role_code`,`menu_code`,`updater`,`update_datetime`,`remark`,`system_code`) VALUES (21353,'DZTSR2017041310190267791','SM2017041313592911077','admin','2017-04-19 17:02:41',NULL,'CD-CDZT000009');
INSERT INTO `tsys_menu_role` (`id`,`role_code`,`menu_code`,`updater`,`update_datetime`,`remark`,`system_code`) VALUES (21354,'DZTSR2017041310190267791','SM2017041313595671330','admin','2017-04-19 17:02:41',NULL,'CD-CDZT000009');
INSERT INTO `tsys_menu_role` (`id`,`role_code`,`menu_code`,`updater`,`update_datetime`,`remark`,`system_code`) VALUES (21355,'DZTSR2017041310190267791','SM2017041314002598637','admin','2017-04-19 17:02:41',NULL,'CD-CDZT000009');
INSERT INTO `tsys_menu_role` (`id`,`role_code`,`menu_code`,`updater`,`update_datetime`,`remark`,`system_code`) VALUES (21356,'DZTSR2017041310190267791','SM2017041314014649235','admin','2017-04-19 17:02:41',NULL,'CD-CDZT000009');
INSERT INTO `tsys_menu_role` (`id`,`role_code`,`menu_code`,`updater`,`update_datetime`,`remark`,`system_code`) VALUES (21357,'DZTSR2017041310190267791','SM2017041314031392992','admin','2017-04-19 17:02:41',NULL,'CD-CDZT000009');
INSERT INTO `tsys_menu_role` (`id`,`role_code`,`menu_code`,`updater`,`update_datetime`,`remark`,`system_code`) VALUES (21358,'DZTSR2017041310190267791','SM2017041314035766837','admin','2017-04-19 17:02:41',NULL,'CD-CDZT000009');
INSERT INTO `tsys_menu_role` (`id`,`role_code`,`menu_code`,`updater`,`update_datetime`,`remark`,`system_code`) VALUES (21359,'DZTSR2017041310190267791','SM201704131404385959','admin','2017-04-19 17:02:41',NULL,'CD-CDZT000009');
INSERT INTO `tsys_menu_role` (`id`,`role_code`,`menu_code`,`updater`,`update_datetime`,`remark`,`system_code`) VALUES (21360,'DZTSR2017041310190267791','SM2017041314054970250','admin','2017-04-19 17:02:41',NULL,'CD-CDZT000009');
INSERT INTO `tsys_menu_role` (`id`,`role_code`,`menu_code`,`updater`,`update_datetime`,`remark`,`system_code`) VALUES (21361,'DZTSR2017041310190267791','SM2017041314074364565','admin','2017-04-19 17:02:41',NULL,'CD-CDZT000009');
INSERT INTO `tsys_menu_role` (`id`,`role_code`,`menu_code`,`updater`,`update_datetime`,`remark`,`system_code`) VALUES (21362,'DZTSR2017041310190267791','SM2017041314120921312','admin','2017-04-19 17:02:41',NULL,'CD-CDZT000009');
INSERT INTO `tsys_menu_role` (`id`,`role_code`,`menu_code`,`updater`,`update_datetime`,`remark`,`system_code`) VALUES (21363,'DZTSR2017041310190267791','SM2017041410020587767','admin','2017-04-19 17:02:41',NULL,'CD-CDZT000009');
INSERT INTO `tsys_menu_role` (`id`,`role_code`,`menu_code`,`updater`,`update_datetime`,`remark`,`system_code`) VALUES (21364,'DZTSR2017041310190267791','SM2017041410024359972','admin','2017-04-19 17:02:41',NULL,'CD-CDZT000009');
INSERT INTO `tsys_menu_role` (`id`,`role_code`,`menu_code`,`updater`,`update_datetime`,`remark`,`system_code`) VALUES (21365,'DZTSR2017041310190267791','SM2017041314123980435','admin','2017-04-19 17:02:41',NULL,'CD-CDZT000009');
INSERT INTO `tsys_menu_role` (`id`,`role_code`,`menu_code`,`updater`,`update_datetime`,`remark`,`system_code`) VALUES (21366,'DZTSR2017041310190267791','SM2017041409583066937','admin','2017-04-19 17:02:41',NULL,'CD-CDZT000009');
INSERT INTO `tsys_menu_role` (`id`,`role_code`,`menu_code`,`updater`,`update_datetime`,`remark`,`system_code`) VALUES (21367,'DZTSR2017041310190267791','SM2017041409585118929','admin','2017-04-19 17:02:41',NULL,'CD-CDZT000009');
INSERT INTO `tsys_menu_role` (`id`,`role_code`,`menu_code`,`updater`,`update_datetime`,`remark`,`system_code`) VALUES (21368,'DZTSR2017041310190267791','SM201704131414365985','admin','2017-04-19 17:02:41',NULL,'CD-CDZT000009');
INSERT INTO `tsys_menu_role` (`id`,`role_code`,`menu_code`,`updater`,`update_datetime`,`remark`,`system_code`) VALUES (21369,'DZTSR2017041310190267791','SM2017041314154096537','admin','2017-04-19 17:02:41',NULL,'CD-CDZT000009');
INSERT INTO `tsys_menu_role` (`id`,`role_code`,`menu_code`,`updater`,`update_datetime`,`remark`,`system_code`) VALUES (21370,'DZTSR2017041310190267791','SM2017041314165042697','admin','2017-04-19 17:02:41',NULL,'CD-CDZT000009');
INSERT INTO `tsys_menu_role` (`id`,`role_code`,`menu_code`,`updater`,`update_datetime`,`remark`,`system_code`) VALUES (21472,'DZTSR20170000000000hhr','DZTSM201600000000000000','admin','2017-04-19 21:37:04',NULL,'CD-CDZT000009');
INSERT INTO `tsys_menu_role` (`id`,`role_code`,`menu_code`,`updater`,`update_datetime`,`remark`,`system_code`) VALUES (21473,'DZTSR20170000000000hhr','SM201704192049030331','admin','2017-04-19 21:37:04',NULL,'CD-CDZT000009');
INSERT INTO `tsys_menu_role` (`id`,`role_code`,`menu_code`,`updater`,`update_datetime`,`remark`,`system_code`) VALUES (21474,'DZTSR20170000000000hhr','SM2017041920494266687','admin','2017-04-19 21:37:04',NULL,'CD-CDZT000009');
INSERT INTO `tsys_menu_role` (`id`,`role_code`,`menu_code`,`updater`,`update_datetime`,`remark`,`system_code`) VALUES (21475,'DZTSR20170000000000hhr','SM2017041921000180330','admin','2017-04-19 21:37:04',NULL,'CD-CDZT000009');
INSERT INTO `tsys_menu_role` (`id`,`role_code`,`menu_code`,`updater`,`update_datetime`,`remark`,`system_code`) VALUES (21476,'DZTSR20170000000000hhr','SM2017041921003965529','admin','2017-04-19 21:37:04',NULL,'CD-CDZT000009');
INSERT INTO `tsys_menu_role` (`id`,`role_code`,`menu_code`,`updater`,`update_datetime`,`remark`,`system_code`) VALUES (21477,'DZTSR20170000000000hhr','SM2017041921014000235','admin','2017-04-19 21:37:04',NULL,'CD-CDZT000009');
INSERT INTO `tsys_menu_role` (`id`,`role_code`,`menu_code`,`updater`,`update_datetime`,`remark`,`system_code`) VALUES (21478,'DZTSR20170000000000hhr','SM2017041921362870185','admin','2017-04-19 21:37:04',NULL,'CD-CDZT000009');
INSERT INTO `tsys_menu_role` (`id`,`role_code`,`menu_code`,`updater`,`update_datetime`,`remark`,`system_code`) VALUES (21479,'DZTSR20170000000000hhr','SM2017041921365573353','admin','2017-04-19 21:37:04',NULL,'CD-CDZT000009');
INSERT INTO `tsys_menu_role` (`id`,`role_code`,`menu_code`,`updater`,`update_datetime`,`remark`,`system_code`) VALUES (21480,'DZTSR20170000000000hhr','SM2017041921022424332','admin','2017-04-19 21:37:04',NULL,'CD-CDZT000009');
INSERT INTO `tsys_menu_role` (`id`,`role_code`,`menu_code`,`updater`,`update_datetime`,`remark`,`system_code`) VALUES (21481,'DZTSR20170000000000hhr','SM2017041921061513337','admin','2017-04-19 21:37:04',NULL,'CD-CDZT000009');
INSERT INTO `tsys_menu_role` (`id`,`role_code`,`menu_code`,`updater`,`update_datetime`,`remark`,`system_code`) VALUES (21482,'DZTSR20170000000000hhr','SM2017041921184857460','admin','2017-04-19 21:37:04',NULL,'CD-CDZT000009');
INSERT INTO `tsys_menu_role` (`id`,`role_code`,`menu_code`,`updater`,`update_datetime`,`remark`,`system_code`) VALUES (21483,'DZTSR20170000000000hhr','SM2017041921190862561','admin','2017-04-19 21:37:04',NULL,'CD-CDZT000009');
INSERT INTO `tsys_menu_role` (`id`,`role_code`,`menu_code`,`updater`,`update_datetime`,`remark`,`system_code`) VALUES (21484,'DZTSR20170000000000hhr','SM2017041921192958012','admin','2017-04-19 21:37:04',NULL,'CD-CDZT000009');
INSERT INTO `tsys_menu_role` (`id`,`role_code`,`menu_code`,`updater`,`update_datetime`,`remark`,`system_code`) VALUES (21485,'DZTSR20170000000000hhr','SM2017041921195357862','admin','2017-04-19 21:37:04',NULL,'CD-CDZT000009');
INSERT INTO `tsys_menu_role` (`id`,`role_code`,`menu_code`,`updater`,`update_datetime`,`remark`,`system_code`) VALUES (21486,'DZTSR20170000000000hhr','SM2017041921201807179','admin','2017-04-19 21:37:04',NULL,'CD-CDZT000009');
INSERT INTO `tsys_menu_role` (`id`,`role_code`,`menu_code`,`updater`,`update_datetime`,`remark`,`system_code`) VALUES (21487,'DZTSR20170000000000hhr','SM2017041921203940711','admin','2017-04-19 21:37:04',NULL,'CD-CDZT000009');

