insert into `tstd_user` (`user_id`, `login_name`, `nickname`, `login_pwd`, `login_pwd_strength`, `kind`, `level`, `user_referee`, `mobile`, `id_kind`, `id_no`, `real_name`, `trade_pwd`, `trade_pwd_strength`, `role_code`, `div_rate`, `status`, `pdf`, `company_code`, `open_id`, `jpush_id`, `create_datetime`, `updater`, `update_datetime`, `remark`, `system_code`) values('CDZT201700000000000001','admin',NULL,'21218cca77804d2ba1922c33e0151105','1','01','0',NULL,NULL,NULL,NULL,NULL,NULL,NULL,'DZTSR2017041310190267791',NULL,'0',NULL,NULL,NULL,NULL,NULL,'admin',NULL,'管理端系统方','CD-CDZT000009');

insert into `tsys_role` (`code`, `name`, `level`, `updater`, `update_datetime`, `remark`, `system_code`) values('DZTSR20170000000000hhr','合伙人','1','admin',now(),NULL,'CD-CDZT000009');
insert into `tsys_role` (`code`, `name`, `level`, `updater`, `update_datetime`, `remark`, `system_code`) values('DZTSR2017041310190267791','超级管理员','1','admin',now(),NULL,'CD-CDZT000009');


insert into `tsys_menu` (`code`, `name`, `type`, `url`, `order_no`, `updater`, `update_datetime`, `remark`, `parent_code`, `system_code`) values('DZTSM201600000000000000','根目录','1','#','1','admin',now(),'','','CD-CDZT000009');
insert into `tsys_menu` (`code`, `name`, `type`, `url`, `order_no`, `updater`, `update_datetime`, `remark`, `parent_code`, `system_code`) values('DZTSM201600001000000001','系统管理','1','#','1','admin',now(),'','DZTSM201600000000000000','CD-CDZT000009');
insert into `tsys_menu` (`code`, `name`, `type`, `url`, `order_no`, `updater`, `update_datetime`, `remark`, `parent_code`, `system_code`) values('DZTSM201600001000000002','运维管理','1','#','2','admin',now(),NULL,'DZTSM201600001000000001','CD-CDZT000009');
insert into `tsys_menu` (`code`, `name`, `type`, `url`, `order_no`, `updater`, `update_datetime`, `remark`, `parent_code`, `system_code`) values('DZTSM201600001000000003','菜单管理','1','/security/menu.htm','1','admin',now(),NULL,'DZTSM201600001000000002','CD-CDZT000009');
insert into `tsys_menu` (`code`, `name`, `type`, `url`, `order_no`, `updater`, `update_datetime`, `remark`, `parent_code`, `system_code`) values('DZTSM201600001000000004','新增','2','/add','1','admin',now(),'','DZTSM201600001000000003','CD-CDZT000009');
insert into `tsys_menu` (`code`, `name`, `type`, `url`, `order_no`, `updater`, `update_datetime`, `remark`, `parent_code`, `system_code`) values('DZTSM2016101716241339082','运营管理','1','#','1','admin',now(),'','DZTSM201600001000000001','CD-CDZT000009');
insert into `tsys_menu` (`code`, `name`, `type`, `url`, `order_no`, `updater`, `update_datetime`, `remark`, `parent_code`, `system_code`) values('DZTSM2016101716253866426','角色管理','1','/security/role.htm','1','admin',now(),'','DZTSM2016101716241339082','CD-CDZT000009');
insert into `tsys_menu` (`code`, `name`, `type`, `url`, `order_no`, `updater`, `update_datetime`, `remark`, `parent_code`, `system_code`) values('DZTSM2016101716261754674','用户管理','1','/security/user.htm','2','admin',now(),'','DZTSM2016101716241339082','CD-CDZT000009');
insert into `tsys_menu` (`code`, `name`, `type`, `url`, `order_no`, `updater`, `update_datetime`, `remark`, `parent_code`, `system_code`) values('DZTSM2016101716290657836','系统参数管理','1','/general/param.htm','2','admin',now(),'','DZTSM201600001000000002','CD-CDZT000009');
insert into `tsys_menu` (`code`, `name`, `type`, `url`, `order_no`, `updater`, `update_datetime`, `remark`, `parent_code`, `system_code`) values('DZTSM2016101716295904680','数据字典管理','1','/general/dict.htm','3','admin',now(),'','DZTSM201600001000000002','CD-CDZT000009');
insert into `tsys_menu` (`code`, `name`, `type`, `url`, `order_no`, `updater`, `update_datetime`, `remark`, `parent_code`, `system_code`) values('DZTSM2016101716450533995','分配菜单','2','/change','4','admin',now(),'','DZTSM2016101716253866426','CD-CDZT000009');
insert into `tsys_menu` (`code`, `name`, `type`, `url`, `order_no`, `updater`, `update_datetime`, `remark`, `parent_code`, `system_code`) values('DZTSM2016101717551955993','新增','2','/add','1','admin',now(),'','DZTSM2016101716253866426','CD-CDZT000009');
insert into `tsys_menu` (`code`, `name`, `type`, `url`, `order_no`, `updater`, `update_datetime`, `remark`, `parent_code`, `system_code`) values('DZTSM2016101717560118734','修改','2','/edit','2','admin',now(),'','DZTSM2016101716253866426','CD-CDZT000009');
insert into `tsys_menu` (`code`, `name`, `type`, `url`, `order_no`, `updater`, `update_datetime`, `remark`, `parent_code`, `system_code`) values('DZTSM2016101717563661357','删除','2','/delete','3','admin',now(),'','DZTSM2016101716253866426','CD-CDZT000009');
insert into `tsys_menu` (`code`, `name`, `type`, `url`, `order_no`, `updater`, `update_datetime`, `remark`, `parent_code`, `system_code`) values('DZTSM2016101719082391126','新增','2','/add','1','admin',now(),'','DZTSM2016101716261754674','CD-CDZT000009');
insert into `tsys_menu` (`code`, `name`, `type`, `url`, `order_no`, `updater`, `update_datetime`, `remark`, `parent_code`, `system_code`) values('DZTSM2016101719094151894','重置密码','2','/reset','2','admin',now(),'','DZTSM2016101716261754674','CD-CDZT000009');
insert into `tsys_menu` (`code`, `name`, `type`, `url`, `order_no`, `updater`, `update_datetime`, `remark`, `parent_code`, `system_code`) values('DZTSM2016101719100760088','注销','2','/rock','4','admin',now(),'','DZTSM2016101716261754674','CD-CDZT000009');
insert into `tsys_menu` (`code`, `name`, `type`, `url`, `order_no`, `updater`, `update_datetime`, `remark`, `parent_code`, `system_code`) values('DZTSM2016101719110981215','设置角色','2','/assign','5','admin',now(),'','DZTSM2016101716261754674','CD-CDZT000009');
insert into `tsys_menu` (`code`, `name`, `type`, `url`, `order_no`, `updater`, `update_datetime`, `remark`, `parent_code`, `system_code`) values('DZTSM2016101719140087629','修改','2','/edit','1','admin',now(),'','DZTSM2016101716290657836','CD-CDZT000009');
insert into `tsys_menu` (`code`, `name`, `type`, `url`, `order_no`, `updater`, `update_datetime`, `remark`, `parent_code`, `system_code`) values('DZTSM2016101719143965297','修改','2','/edit','1','admin',now(),'','DZTSM2016101716295904680','CD-CDZT000009');
insert into `tsys_menu` (`code`, `name`, `type`, `url`, `order_no`, `updater`, `update_datetime`, `remark`, `parent_code`, `system_code`) values('DZTSM2016120610552303416','激活','2','/active','3','admin',now(),'','DZTSM2016101716261754674','CD-CDZT000009');
insert into `tsys_menu` (`code`, `name`, `type`, `url`, `order_no`, `updater`, `update_datetime`, `remark`, `parent_code`, `system_code`) values('DZTSM2017032911200961325','修改','2','/edit','2','admin',now(),'','DZTSM201600001000000003','CD-CDZT000009');
insert into `tsys_menu` (`code`, `name`, `type`, `url`, `order_no`, `updater`, `update_datetime`, `remark`, `parent_code`, `system_code`) values('SM2017041310580307978','平台管理','1','#','2','admin',now(),'','DZTSM201600000000000000','CD-CDZT000009');
insert into `tsys_menu` (`code`, `name`, `type`, `url`, `order_no`, `updater`, `update_datetime`, `remark`, `parent_code`, `system_code`) values('SM2017041313190664381','我的账户','1','#','1','admin',now(),'','SM2017041310580307978','CD-CDZT000009');
insert into `tsys_menu` (`code`, `name`, `type`, `url`, `order_no`, `updater`, `update_datetime`, `remark`, `parent_code`, `system_code`) values('SM201704131320495813','我的账户','1','/plantform/account.htm','1','admin',now(),'','SM2017041313190664381','CD-CDZT000009');
insert into `tsys_menu` (`code`, `name`, `type`, `url`, `order_no`, `updater`, `update_datetime`, `remark`, `parent_code`, `system_code`) values('SM2017041313213512694','产品管理','1','#','10','admin',now(),'','SM2017041310580307978','CD-CDZT000009');
insert into `tsys_menu` (`code`, `name`, `type`, `url`, `order_no`, `updater`, `update_datetime`, `remark`, `parent_code`, `system_code`) values('SM2017041313232948342','产品管理','1','/product/product.htm','1','admin',now(),'','SM2017041313213512694','CD-CDZT000009');
insert into `tsys_menu` (`code`, `name`, `type`, `url`, `order_no`, `updater`, `update_datetime`, `remark`, `parent_code`, `system_code`) values('SM2017041313251436962','产品规格管理','1','/product/parameter.htm','2','admin',now(),'','SM2017041313213512694','CD-CDZT000009');
insert into `tsys_menu` (`code`, `name`, `type`, `url`, `order_no`, `updater`, `update_datetime`, `remark`, `parent_code`, `system_code`) values('SM2017041313262508862','修改','2','/edit','2','admin',now(),'','SM2017041313232948342','CD-CDZT000009');
insert into `tsys_menu` (`code`, `name`, `type`, `url`, `order_no`, `updater`, `update_datetime`, `remark`, `parent_code`, `system_code`) values('SM2017041313285641867','修改','2','/edit','2','admin',now(),'','SM2017041313251436962','CD-CDZT000009');
insert into `tsys_menu` (`code`, `name`, `type`, `url`, `order_no`, `updater`, `update_datetime`, `remark`, `parent_code`, `system_code`) values('SM2017041313295293187','订单跟踪','1','#','20','admin',now(),'','SM2017041310580307978','CD-CDZT000009');
insert into `tsys_menu` (`code`, `name`, `type`, `url`, `order_no`, `updater`, `update_datetime`, `remark`, `parent_code`, `system_code`) values('SM2017041313303898011','订单处理','1','/product/order.htm','1','admin',now(),'','SM2017041313295293187','CD-CDZT000009');
insert into `tsys_menu` (`code`, `name`, `type`, `url`, `order_no`, `updater`, `update_datetime`, `remark`, `parent_code`, `system_code`) values('SM2017041313321297468','派单','2','/edit2','3','admin',now(),'','SM2017041313303898011','CD-CDZT000009');
insert into `tsys_menu` (`code`, `name`, `type`, `url`, `order_no`, `updater`, `update_datetime`, `remark`, `parent_code`, `system_code`) values('SM2017041313332657539','代支付','2','/pay','4','admin',now(),'','SM2017041313303898011','CD-CDZT000009');
insert into `tsys_menu` (`code`, `name`, `type`, `url`, `order_no`, `updater`, `update_datetime`, `remark`, `parent_code`, `system_code`) values('SM2017041313340342897','数据录入','2','/shu','6','admin',now(),'','SM2017041313303898011','CD-CDZT000009');
insert into `tsys_menu` (`code`, `name`, `type`, `url`, `order_no`, `updater`, `update_datetime`, `remark`, `parent_code`, `system_code`) values('SM2017041313342945833','复核','2','/che','7','admin',now(),'','SM2017041313303898011','CD-CDZT000009');
insert into `tsys_menu` (`code`, `name`, `type`, `url`, `order_no`, `updater`, `update_datetime`, `remark`, `parent_code`, `system_code`) values('SM2017041313350458534','提交工厂','2','/sub','8','admin',now(),'','SM2017041313303898011','CD-CDZT000009');
insert into `tsys_menu` (`code`, `name`, `type`, `url`, `order_no`, `updater`, `update_datetime`, `remark`, `parent_code`, `system_code`) values('SM2017041313352613588','发货回录','2','/send','9','admin',now(),'','SM2017041313303898011','CD-CDZT000009');
insert into `tsys_menu` (`code`, `name`, `type`, `url`, `order_no`, `updater`, `update_datetime`, `remark`, `parent_code`, `system_code`) values('SM2017041313361961620','确认收货','2','/rece','9','admin',now(),'','SM2017041313303898011','CD-CDZT000009');
insert into `tsys_menu` (`code`, `name`, `type`, `url`, `order_no`, `updater`, `update_datetime`, `remark`, `parent_code`, `system_code`) values('SM201704131336403336','取消','2','/calcel','9','admin',now(),'','SM2017041313303898011','CD-CDZT000009');
insert into `tsys_menu` (`code`, `name`, `type`, `url`, `order_no`, `updater`, `update_datetime`, `remark`, `parent_code`, `system_code`) values('SM201704131338579643','订单查询','1','/product/orderSearch.htm','2','admin',now(),'','SM2017041313295293187','CD-CDZT000009');
insert into `tsys_menu` (`code`, `name`, `type`, `url`, `order_no`, `updater`, `update_datetime`, `remark`, `parent_code`, `system_code`) values('SM2017041313401262363','会员管理','1','#','30','admin',now(),'','SM2017041310580307978','CD-CDZT000009');
insert into `tsys_menu` (`code`, `name`, `type`, `url`, `order_no`, `updater`, `update_datetime`, `remark`, `parent_code`, `system_code`) values('SM201704131341252732','合伙人管理','1','/member/partner.htm','1','admin',now(),'','SM2017041313401262363','CD-CDZT000009');
insert into `tsys_menu` (`code`, `name`, `type`, `url`, `order_no`, `updater`, `update_datetime`, `remark`, `parent_code`, `system_code`) values('SM2017041313414410249','新增','2','/add','1','admin',now(),'','SM201704131341252732','CD-CDZT000009');
insert into `tsys_menu` (`code`, `name`, `type`, `url`, `order_no`, `updater`, `update_datetime`, `remark`, `parent_code`, `system_code`) values('SM2017041313420675849','修改','2','/edit2','2','admin',now(),'','SM201704131341252732','CD-CDZT000009');
insert into `tsys_menu` (`code`, `name`, `type`, `url`, `order_no`, `updater`, `update_datetime`, `remark`, `parent_code`, `system_code`) values('SM2017041313440900776','冻结','2','/rock','3','admin',now(),'','SM201704131341252732','CD-CDZT000009');
insert into `tsys_menu` (`code`, `name`, `type`, `url`, `order_no`, `updater`, `update_datetime`, `remark`, `parent_code`, `system_code`) values('SM2017041313444131225','解冻','2','/active','4','admin',now(),'','SM201704131341252732','CD-CDZT000009');
insert into `tsys_menu` (`code`, `name`, `type`, `url`, `order_no`, `updater`, `update_datetime`, `remark`, `parent_code`, `system_code`) values('SM2017041313453155639','业绩','2','/achieve','5','admin',now(),'','SM201704131341252732','CD-CDZT000009');
insert into `tsys_menu` (`code`, `name`, `type`, `url`, `order_no`, `updater`, `update_datetime`, `remark`, `parent_code`, `system_code`) values('SM2017041313455114042','账户','2','/account','8','admin',now(),'','SM201704131341252732','CD-CDZT000009');
insert into `tsys_menu` (`code`, `name`, `type`, `url`, `order_no`, `updater`, `update_datetime`, `remark`, `parent_code`, `system_code`) values('SM2017041313480003423','量体师管理','1','/member/quantity.htm','2','admin',now(),'','SM2017041313401262363','CD-CDZT000009');
insert into `tsys_menu` (`code`, `name`, `type`, `url`, `order_no`, `updater`, `update_datetime`, `remark`, `parent_code`, `system_code`) values('SM2017041313551484131','详情','2','/detail','1','admin',now(),'','SM201704131338579643','CD-CDZT000009');
insert into `tsys_menu` (`code`, `name`, `type`, `url`, `order_no`, `updater`, `update_datetime`, `remark`, `parent_code`, `system_code`) values('SM2017041313560140497','导出','2','/export','2','admin',now(),'','SM201704131338579643','CD-CDZT000009');
insert into `tsys_menu` (`code`, `name`, `type`, `url`, `order_no`, `updater`, `update_datetime`, `remark`, `parent_code`, `system_code`) values('SM2017041313575289597','新增','2','/add','1','admin',now(),'','SM2017041313480003423','CD-CDZT000009');
insert into `tsys_menu` (`code`, `name`, `type`, `url`, `order_no`, `updater`, `update_datetime`, `remark`, `parent_code`, `system_code`) values('SM2017041313583558733','修改','2','/edit2','2','admin',now(),'','SM2017041313480003423','CD-CDZT000009');
insert into `tsys_menu` (`code`, `name`, `type`, `url`, `order_no`, `updater`, `update_datetime`, `remark`, `parent_code`, `system_code`) values('SM2017041313590081650','冻结','2','/rock','3','admin',now(),'','SM2017041313480003423','CD-CDZT000009');
insert into `tsys_menu` (`code`, `name`, `type`, `url`, `order_no`, `updater`, `update_datetime`, `remark`, `parent_code`, `system_code`) values('SM2017041313592911077','解冻','2','/active','4','admin',now(),'','SM2017041313480003423','CD-CDZT000009');
insert into `tsys_menu` (`code`, `name`, `type`, `url`, `order_no`, `updater`, `update_datetime`, `remark`, `parent_code`, `system_code`) values('SM2017041313595671330','业绩','2','/achieve','5','admin',now(),'','SM2017041313480003423','CD-CDZT000009');
insert into `tsys_menu` (`code`, `name`, `type`, `url`, `order_no`, `updater`, `update_datetime`, `remark`, `parent_code`, `system_code`) values('SM2017041314002598637','账户','2','/account','7','admin',now(),'','SM2017041313480003423','CD-CDZT000009');
insert into `tsys_menu` (`code`, `name`, `type`, `url`, `order_no`, `updater`, `update_datetime`, `remark`, `parent_code`, `system_code`) values('SM2017041314014649235','客户管理','1','/member/custom.htm','3','admin',now(),'','SM2017041313401262363','CD-CDZT000009');
insert into `tsys_menu` (`code`, `name`, `type`, `url`, `order_no`, `updater`, `update_datetime`, `remark`, `parent_code`, `system_code`) values('SM2017041314031392992','冻结','2','/rock','1','admin',now(),'','SM2017041314014649235','CD-CDZT000009');
insert into `tsys_menu` (`code`, `name`, `type`, `url`, `order_no`, `updater`, `update_datetime`, `remark`, `parent_code`, `system_code`) values('SM2017041314035766837','解冻','2','/active','2','admin',now(),'','SM2017041314014649235','CD-CDZT000009');
insert into `tsys_menu` (`code`, `name`, `type`, `url`, `order_no`, `updater`, `update_datetime`, `remark`, `parent_code`, `system_code`) values('SM201704131404385959','订单','2','/order','3','admin',now(),'','SM2017041314014649235','CD-CDZT000009');
insert into `tsys_menu` (`code`, `name`, `type`, `url`, `order_no`, `updater`, `update_datetime`, `remark`, `parent_code`, `system_code`) values('SM2017041314054970250','账户','2','/account','4','admin',now(),'','SM2017041314014649235','CD-CDZT000009');
insert into `tsys_menu` (`code`, `name`, `type`, `url`, `order_no`, `updater`, `update_datetime`, `remark`, `parent_code`, `system_code`) values('SM2017041314074364565','财务管理','1','#','40','admin',now(),'','SM2017041310580307978','CD-CDZT000009');
insert into `tsys_menu` (`code`, `name`, `type`, `url`, `order_no`, `updater`, `update_datetime`, `remark`, `parent_code`, `system_code`) values('SM2017041314120921312','线下充值','1','/finance/recharge.htm','1','admin',now(),'','SM2017041314074364565','CD-CDZT000009');
insert into `tsys_menu` (`code`, `name`, `type`, `url`, `order_no`, `updater`, `update_datetime`, `remark`, `parent_code`, `system_code`) values('SM2017041314123980435','线下取现','1','/finance/access.htm','2','admin',now(),'','SM2017041314074364565','CD-CDZT000009');
insert into `tsys_menu` (`code`, `name`, `type`, `url`, `order_no`, `updater`, `update_datetime`, `remark`, `parent_code`, `system_code`) values('SM201704131414365985','充值历史查询','1','/finance/history.htm','3','admin',now(),'','SM2017041314074364565','CD-CDZT000009');
insert into `tsys_menu` (`code`, `name`, `type`, `url`, `order_no`, `updater`, `update_datetime`, `remark`, `parent_code`, `system_code`) values('SM2017041314154096537','文章管理','1','#','60','admin',now(),'','SM2017041310580307978','CD-CDZT000009');
insert into `tsys_menu` (`code`, `name`, `type`, `url`, `order_no`, `updater`, `update_datetime`, `remark`, `parent_code`, `system_code`) values('SM2017041314165042697','关于我们','1','/public/aboutus.htm','1','admin',now(),'','SM2017041314154096537','CD-CDZT000009');
insert into `tsys_menu` (`code`, `name`, `type`, `url`, `order_no`, `updater`, `update_datetime`, `remark`, `parent_code`, `system_code`) values('SM2017041409583066937','线下取现','2','/add','1','admin',now(),'','SM2017041314123980435','CD-CDZT000009');
insert into `tsys_menu` (`code`, `name`, `type`, `url`, `order_no`, `updater`, `update_datetime`, `remark`, `parent_code`, `system_code`) values('SM2017041409585118929','审核','2','/che','2','admin',now(),'','SM2017041314123980435','CD-CDZT000009');
insert into `tsys_menu` (`code`, `name`, `type`, `url`, `order_no`, `updater`, `update_datetime`, `remark`, `parent_code`, `system_code`) values('SM2017041410020587767','线下充值','2','/add','1','admin',now(),'','SM2017041314120921312','CD-CDZT000009');
insert into `tsys_menu` (`code`, `name`, `type`, `url`, `order_no`, `updater`, `update_datetime`, `remark`, `parent_code`, `system_code`) values('SM2017041410024359972','审核','2','/che','2','admin',now(),'','SM2017041314120921312','CD-CDZT000009');
insert into `tsys_menu` (`code`, `name`, `type`, `url`, `order_no`, `updater`, `update_datetime`, `remark`, `parent_code`, `system_code`) values('SM2017041810123188995','代预约','2','/add','0','admin',now(),'','SM2017041313303898011','CD-CDZT000009');
insert into `tsys_menu` (`code`, `name`, `type`, `url`, `order_no`, `updater`, `update_datetime`, `remark`, `parent_code`, `system_code`) values('SM2017041810141355763','代复购','2','/rePurchase','1','admin',now(),'','SM2017041313303898011','CD-CDZT000009');
insert into `tsys_menu` (`code`, `name`, `type`, `url`, `order_no`, `updater`, `update_datetime`, `remark`, `parent_code`, `system_code`) values('SM2017041814393731341','代定价','2','/price','3','admin',now(),'','SM2017041313303898011','CD-CDZT000009');




insert into `tsys_menu_role` (`role_code`, `menu_code`, `updater`, `update_datetime`, `remark`, `system_code`) values('DZTSR20170000000000hhr','DZTSM201600000000000000','admin',now(),NULL,'CD-CDZT000009');
insert into `tsys_menu_role` (`role_code`, `menu_code`, `updater`, `update_datetime`, `remark`, `system_code`) values('DZTSR20170000000000hhr','SM2017041310580307978','admin',now(),NULL,'CD-CDZT000009');
insert into `tsys_menu_role` (`role_code`, `menu_code`, `updater`, `update_datetime`, `remark`, `system_code`) values('DZTSR20170000000000hhr','SM2017041313401262363','admin',now(),NULL,'CD-CDZT000009');
insert into `tsys_menu_role` (`role_code`, `menu_code`, `updater`, `update_datetime`, `remark`, `system_code`) values('DZTSR20170000000000hhr','SM2017041313480003423','admin',now(),NULL,'CD-CDZT000009');
insert into `tsys_menu_role` (`role_code`, `menu_code`, `updater`, `update_datetime`, `remark`, `system_code`) values('DZTSR20170000000000hhr','SM2017041313575289597','admin',now(),NULL,'CD-CDZT000009');
insert into `tsys_menu_role` (`role_code`, `menu_code`, `updater`, `update_datetime`, `remark`, `system_code`) values('DZTSR20170000000000hhr','SM2017041313583558733','admin',now(),NULL,'CD-CDZT000009');
insert into `tsys_menu_role` (`role_code`, `menu_code`, `updater`, `update_datetime`, `remark`, `system_code`) values('DZTSR20170000000000hhr','SM2017041313590081650','admin',now(),NULL,'CD-CDZT000009');
insert into `tsys_menu_role` (`role_code`, `menu_code`, `updater`, `update_datetime`, `remark`, `system_code`) values('DZTSR20170000000000hhr','SM2017041313592911077','admin',now(),NULL,'CD-CDZT000009');
insert into `tsys_menu_role` (`role_code`, `menu_code`, `updater`, `update_datetime`, `remark`, `system_code`) values('DZTSR20170000000000hhr','SM2017041313595671330','admin',now(),NULL,'CD-CDZT000009');
insert into `tsys_menu_role` (`role_code`, `menu_code`, `updater`, `update_datetime`, `remark`, `system_code`) values('DZTSR20170000000000hhr','SM2017041314002598637','admin',now(),NULL,'CD-CDZT000009');
insert into `tsys_menu_role` (`role_code`, `menu_code`, `updater`, `update_datetime`, `remark`, `system_code`) values('DZTSR2017041310190267791','DZTSM201600000000000000','admin',now(),NULL,'CD-CDZT000009');
insert into `tsys_menu_role` (`role_code`, `menu_code`, `updater`, `update_datetime`, `remark`, `system_code`) values('DZTSR2017041310190267791','DZTSM201600001000000001','admin',now(),NULL,'CD-CDZT000009');
insert into `tsys_menu_role` (`role_code`, `menu_code`, `updater`, `update_datetime`, `remark`, `system_code`) values('DZTSR2017041310190267791','DZTSM201600001000000002','admin',now(),NULL,'CD-CDZT000009');
insert into `tsys_menu_role` (`role_code`, `menu_code`, `updater`, `update_datetime`, `remark`, `system_code`) values('DZTSR2017041310190267791','DZTSM201600001000000003','admin',now(),NULL,'CD-CDZT000009');
insert into `tsys_menu_role` (`role_code`, `menu_code`, `updater`, `update_datetime`, `remark`, `system_code`) values('DZTSR2017041310190267791','DZTSM201600001000000004','admin',now(),NULL,'CD-CDZT000009');
insert into `tsys_menu_role` (`role_code`, `menu_code`, `updater`, `update_datetime`, `remark`, `system_code`) values('DZTSR2017041310190267791','DZTSM2017032911200961325','admin',now(),NULL,'CD-CDZT000009');
insert into `tsys_menu_role` (`role_code`, `menu_code`, `updater`, `update_datetime`, `remark`, `system_code`) values('DZTSR2017041310190267791','DZTSM2016101716290657836','admin',now(),NULL,'CD-CDZT000009');
insert into `tsys_menu_role` (`role_code`, `menu_code`, `updater`, `update_datetime`, `remark`, `system_code`) values('DZTSR2017041310190267791','DZTSM2016101719140087629','admin',now(),NULL,'CD-CDZT000009');
insert into `tsys_menu_role` (`role_code`, `menu_code`, `updater`, `update_datetime`, `remark`, `system_code`) values('DZTSR2017041310190267791','DZTSM2016101716295904680','admin',now(),NULL,'CD-CDZT000009');
insert into `tsys_menu_role` (`role_code`, `menu_code`, `updater`, `update_datetime`, `remark`, `system_code`) values('DZTSR2017041310190267791','DZTSM2016101719143965297','admin',now(),NULL,'CD-CDZT000009');
insert into `tsys_menu_role` (`role_code`, `menu_code`, `updater`, `update_datetime`, `remark`, `system_code`) values('DZTSR2017041310190267791','DZTSM2016101716241339082','admin',now(),NULL,'CD-CDZT000009');
insert into `tsys_menu_role` (`role_code`, `menu_code`, `updater`, `update_datetime`, `remark`, `system_code`) values('DZTSR2017041310190267791','DZTSM2016101716253866426','admin',now(),NULL,'CD-CDZT000009');
insert into `tsys_menu_role` (`role_code`, `menu_code`, `updater`, `update_datetime`, `remark`, `system_code`) values('DZTSR2017041310190267791','DZTSM2016101716450533995','admin',now(),NULL,'CD-CDZT000009');
insert into `tsys_menu_role` (`role_code`, `menu_code`, `updater`, `update_datetime`, `remark`, `system_code`) values('DZTSR2017041310190267791','DZTSM2016101717551955993','admin',now(),NULL,'CD-CDZT000009');
insert into `tsys_menu_role` (`role_code`, `menu_code`, `updater`, `update_datetime`, `remark`, `system_code`) values('DZTSR2017041310190267791','DZTSM2016101717560118734','admin',now(),NULL,'CD-CDZT000009');
insert into `tsys_menu_role` (`role_code`, `menu_code`, `updater`, `update_datetime`, `remark`, `system_code`) values('DZTSR2017041310190267791','DZTSM2016101717563661357','admin',now(),NULL,'CD-CDZT000009');
insert into `tsys_menu_role` (`role_code`, `menu_code`, `updater`, `update_datetime`, `remark`, `system_code`) values('DZTSR2017041310190267791','DZTSM2016101716261754674','admin',now(),NULL,'CD-CDZT000009');
insert into `tsys_menu_role` (`role_code`, `menu_code`, `updater`, `update_datetime`, `remark`, `system_code`) values('DZTSR2017041310190267791','DZTSM2016101719082391126','admin',now(),NULL,'CD-CDZT000009');
insert into `tsys_menu_role` (`role_code`, `menu_code`, `updater`, `update_datetime`, `remark`, `system_code`) values('DZTSR2017041310190267791','DZTSM2016101719094151894','admin',now(),NULL,'CD-CDZT000009');
insert into `tsys_menu_role` (`role_code`, `menu_code`, `updater`, `update_datetime`, `remark`, `system_code`) values('DZTSR2017041310190267791','DZTSM2016101719100760088','admin',now(),NULL,'CD-CDZT000009');
insert into `tsys_menu_role` (`role_code`, `menu_code`, `updater`, `update_datetime`, `remark`, `system_code`) values('DZTSR2017041310190267791','DZTSM2016101719110981215','admin',now(),NULL,'CD-CDZT000009');
insert into `tsys_menu_role` (`role_code`, `menu_code`, `updater`, `update_datetime`, `remark`, `system_code`) values('DZTSR2017041310190267791','DZTSM2016120610552303416','admin',now(),NULL,'CD-CDZT000009');
insert into `tsys_menu_role` (`role_code`, `menu_code`, `updater`, `update_datetime`, `remark`, `system_code`) values('DZTSR2017041310190267791','SM2017041310580307978','admin',now(),NULL,'CD-CDZT000009');
insert into `tsys_menu_role` (`role_code`, `menu_code`, `updater`, `update_datetime`, `remark`, `system_code`) values('DZTSR2017041310190267791','SM2017041313190664381','admin',now(),NULL,'CD-CDZT000009');
insert into `tsys_menu_role` (`role_code`, `menu_code`, `updater`, `update_datetime`, `remark`, `system_code`) values('DZTSR2017041310190267791','SM201704131320495813','admin',now(),NULL,'CD-CDZT000009');
insert into `tsys_menu_role` (`role_code`, `menu_code`, `updater`, `update_datetime`, `remark`, `system_code`) values('DZTSR2017041310190267791','SM2017041313213512694','admin',now(),NULL,'CD-CDZT000009');
insert into `tsys_menu_role` (`role_code`, `menu_code`, `updater`, `update_datetime`, `remark`, `system_code`) values('DZTSR2017041310190267791','SM2017041313232948342','admin',now(),NULL,'CD-CDZT000009');
insert into `tsys_menu_role` (`role_code`, `menu_code`, `updater`, `update_datetime`, `remark`, `system_code`) values('DZTSR2017041310190267791','SM2017041313262508862','admin',now(),NULL,'CD-CDZT000009');
insert into `tsys_menu_role` (`role_code`, `menu_code`, `updater`, `update_datetime`, `remark`, `system_code`) values('DZTSR2017041310190267791','SM2017041313251436962','admin',now(),NULL,'CD-CDZT000009');
insert into `tsys_menu_role` (`role_code`, `menu_code`, `updater`, `update_datetime`, `remark`, `system_code`) values('DZTSR2017041310190267791','SM2017041313285641867','admin',now(),NULL,'CD-CDZT000009');
insert into `tsys_menu_role` (`role_code`, `menu_code`, `updater`, `update_datetime`, `remark`, `system_code`) values('DZTSR2017041310190267791','SM2017041313295293187','admin',now(),NULL,'CD-CDZT000009');
insert into `tsys_menu_role` (`role_code`, `menu_code`, `updater`, `update_datetime`, `remark`, `system_code`) values('DZTSR2017041310190267791','SM2017041313303898011','admin',now(),NULL,'CD-CDZT000009');
insert into `tsys_menu_role` (`role_code`, `menu_code`, `updater`, `update_datetime`, `remark`, `system_code`) values('DZTSR2017041310190267791','SM2017041313321297468','admin',now(),NULL,'CD-CDZT000009');
insert into `tsys_menu_role` (`role_code`, `menu_code`, `updater`, `update_datetime`, `remark`, `system_code`) values('DZTSR2017041310190267791','SM2017041313325508951','admin',now(),NULL,'CD-CDZT000009');
insert into `tsys_menu_role` (`role_code`, `menu_code`, `updater`, `update_datetime`, `remark`, `system_code`) values('DZTSR2017041310190267791','SM2017041313332657539','admin',now(),NULL,'CD-CDZT000009');
insert into `tsys_menu_role` (`role_code`, `menu_code`, `updater`, `update_datetime`, `remark`, `system_code`) values('DZTSR2017041310190267791','SM2017041313340342897','admin',now(),NULL,'CD-CDZT000009');
insert into `tsys_menu_role` (`role_code`, `menu_code`, `updater`, `update_datetime`, `remark`, `system_code`) values('DZTSR2017041310190267791','SM2017041313342945833','admin',now(),NULL,'CD-CDZT000009');
insert into `tsys_menu_role` (`role_code`, `menu_code`, `updater`, `update_datetime`, `remark`, `system_code`) values('DZTSR2017041310190267791','SM2017041313350458534','admin',now(),NULL,'CD-CDZT000009');
insert into `tsys_menu_role` (`role_code`, `menu_code`, `updater`, `update_datetime`, `remark`, `system_code`) values('DZTSR2017041310190267791','SM2017041313352613588','admin',now(),NULL,'CD-CDZT000009');
insert into `tsys_menu_role` (`role_code`, `menu_code`, `updater`, `update_datetime`, `remark`, `system_code`) values('DZTSR2017041310190267791','SM2017041313361961620','admin',now(),NULL,'CD-CDZT000009');
insert into `tsys_menu_role` (`role_code`, `menu_code`, `updater`, `update_datetime`, `remark`, `system_code`) values('DZTSR2017041310190267791','SM201704131336403336','admin',now(),NULL,'CD-CDZT000009');
insert into `tsys_menu_role` (`role_code`, `menu_code`, `updater`, `update_datetime`, `remark`, `system_code`) values('DZTSR2017041310190267791','SM2017041810123188995','admin',now(),NULL,'CD-CDZT000009');
insert into `tsys_menu_role` (`role_code`, `menu_code`, `updater`, `update_datetime`, `remark`, `system_code`) values('DZTSR2017041310190267791','SM2017041810141355763','admin',now(),NULL,'CD-CDZT000009');
insert into `tsys_menu_role` (`role_code`, `menu_code`, `updater`, `update_datetime`, `remark`, `system_code`) values('DZTSR2017041310190267791','SM2017041814393731341','admin',now(),NULL,'CD-CDZT000009');
insert into `tsys_menu_role` (`role_code`, `menu_code`, `updater`, `update_datetime`, `remark`, `system_code`) values('DZTSR2017041310190267791','SM201704131338579643','admin',now(),NULL,'CD-CDZT000009');
insert into `tsys_menu_role` (`role_code`, `menu_code`, `updater`, `update_datetime`, `remark`, `system_code`) values('DZTSR2017041310190267791','SM2017041313551484131','admin',now(),NULL,'CD-CDZT000009');
insert into `tsys_menu_role` (`role_code`, `menu_code`, `updater`, `update_datetime`, `remark`, `system_code`) values('DZTSR2017041310190267791','SM2017041313560140497','admin',now(),NULL,'CD-CDZT000009');
insert into `tsys_menu_role` (`role_code`, `menu_code`, `updater`, `update_datetime`, `remark`, `system_code`) values('DZTSR2017041310190267791','SM2017041313401262363','admin',now(),NULL,'CD-CDZT000009');
insert into `tsys_menu_role` (`role_code`, `menu_code`, `updater`, `update_datetime`, `remark`, `system_code`) values('DZTSR2017041310190267791','SM201704131341252732','admin',now(),NULL,'CD-CDZT000009');
insert into `tsys_menu_role` (`role_code`, `menu_code`, `updater`, `update_datetime`, `remark`, `system_code`) values('DZTSR2017041310190267791','SM2017041313414410249','admin',now(),NULL,'CD-CDZT000009');
insert into `tsys_menu_role` (`role_code`, `menu_code`, `updater`, `update_datetime`, `remark`, `system_code`) values('DZTSR2017041310190267791','SM2017041313420675849','admin',now(),NULL,'CD-CDZT000009');
insert into `tsys_menu_role` (`role_code`, `menu_code`, `updater`, `update_datetime`, `remark`, `system_code`) values('DZTSR2017041310190267791','SM2017041313440900776','admin',now(),NULL,'CD-CDZT000009');
insert into `tsys_menu_role` (`role_code`, `menu_code`, `updater`, `update_datetime`, `remark`, `system_code`) values('DZTSR2017041310190267791','SM2017041313444131225','admin',now(),NULL,'CD-CDZT000009');
insert into `tsys_menu_role` (`role_code`, `menu_code`, `updater`, `update_datetime`, `remark`, `system_code`) values('DZTSR2017041310190267791','SM2017041313453155639','admin',now(),NULL,'CD-CDZT000009');
insert into `tsys_menu_role` (`role_code`, `menu_code`, `updater`, `update_datetime`, `remark`, `system_code`) values('DZTSR2017041310190267791','SM2017041313455114042','admin',now(),NULL,'CD-CDZT000009');
insert into `tsys_menu_role` (`role_code`, `menu_code`, `updater`, `update_datetime`, `remark`, `system_code`) values('DZTSR2017041310190267791','SM2017041313480003423','admin',now(),NULL,'CD-CDZT000009');
insert into `tsys_menu_role` (`role_code`, `menu_code`, `updater`, `update_datetime`, `remark`, `system_code`) values('DZTSR2017041310190267791','SM2017041313575289597','admin',now(),NULL,'CD-CDZT000009');
insert into `tsys_menu_role` (`role_code`, `menu_code`, `updater`, `update_datetime`, `remark`, `system_code`) values('DZTSR2017041310190267791','SM2017041313583558733','admin',now(),NULL,'CD-CDZT000009');
insert into `tsys_menu_role` (`role_code`, `menu_code`, `updater`, `update_datetime`, `remark`, `system_code`) values('DZTSR2017041310190267791','SM2017041313590081650','admin',now(),NULL,'CD-CDZT000009');
insert into `tsys_menu_role` (`role_code`, `menu_code`, `updater`, `update_datetime`, `remark`, `system_code`) values('DZTSR2017041310190267791','SM2017041313592911077','admin',now(),NULL,'CD-CDZT000009');
insert into `tsys_menu_role` (`role_code`, `menu_code`, `updater`, `update_datetime`, `remark`, `system_code`) values('DZTSR2017041310190267791','SM2017041313595671330','admin',now(),NULL,'CD-CDZT000009');
insert into `tsys_menu_role` (`role_code`, `menu_code`, `updater`, `update_datetime`, `remark`, `system_code`) values('DZTSR2017041310190267791','SM2017041314002598637','admin',now(),NULL,'CD-CDZT000009');
insert into `tsys_menu_role` (`role_code`, `menu_code`, `updater`, `update_datetime`, `remark`, `system_code`) values('DZTSR2017041310190267791','SM2017041314014649235','admin',now(),NULL,'CD-CDZT000009');
insert into `tsys_menu_role` (`role_code`, `menu_code`, `updater`, `update_datetime`, `remark`, `system_code`) values('DZTSR2017041310190267791','SM2017041314031392992','admin',now(),NULL,'CD-CDZT000009');
insert into `tsys_menu_role` (`role_code`, `menu_code`, `updater`, `update_datetime`, `remark`, `system_code`) values('DZTSR2017041310190267791','SM2017041314035766837','admin',now(),NULL,'CD-CDZT000009');
insert into `tsys_menu_role` (`role_code`, `menu_code`, `updater`, `update_datetime`, `remark`, `system_code`) values('DZTSR2017041310190267791','SM201704131404385959','admin',now(),NULL,'CD-CDZT000009');
insert into `tsys_menu_role` (`role_code`, `menu_code`, `updater`, `update_datetime`, `remark`, `system_code`) values('DZTSR2017041310190267791','SM2017041314054970250','admin',now(),NULL,'CD-CDZT000009');
insert into `tsys_menu_role` (`role_code`, `menu_code`, `updater`, `update_datetime`, `remark`, `system_code`) values('DZTSR2017041310190267791','SM2017041314074364565','admin',now(),NULL,'CD-CDZT000009');
insert into `tsys_menu_role` (`role_code`, `menu_code`, `updater`, `update_datetime`, `remark`, `system_code`) values('DZTSR2017041310190267791','SM2017041314120921312','admin',now(),NULL,'CD-CDZT000009');
insert into `tsys_menu_role` (`role_code`, `menu_code`, `updater`, `update_datetime`, `remark`, `system_code`) values('DZTSR2017041310190267791','SM2017041410020587767','admin',now(),NULL,'CD-CDZT000009');
insert into `tsys_menu_role` (`role_code`, `menu_code`, `updater`, `update_datetime`, `remark`, `system_code`) values('DZTSR2017041310190267791','SM2017041410024359972','admin',now(),NULL,'CD-CDZT000009');
insert into `tsys_menu_role` (`role_code`, `menu_code`, `updater`, `update_datetime`, `remark`, `system_code`) values('DZTSR2017041310190267791','SM2017041314123980435','admin',now(),NULL,'CD-CDZT000009');
insert into `tsys_menu_role` (`role_code`, `menu_code`, `updater`, `update_datetime`, `remark`, `system_code`) values('DZTSR2017041310190267791','SM2017041409583066937','admin',now(),NULL,'CD-CDZT000009');
insert into `tsys_menu_role` (`role_code`, `menu_code`, `updater`, `update_datetime`, `remark`, `system_code`) values('DZTSR2017041310190267791','SM2017041409585118929','admin',now(),NULL,'CD-CDZT000009');
insert into `tsys_menu_role` (`role_code`, `menu_code`, `updater`, `update_datetime`, `remark`, `system_code`) values('DZTSR2017041310190267791','SM201704131414365985','admin',now(),NULL,'CD-CDZT000009');
insert into `tsys_menu_role` (`role_code`, `menu_code`, `updater`, `update_datetime`, `remark`, `system_code`) values('DZTSR2017041310190267791','SM2017041314154096537','admin',now(),NULL,'CD-CDZT000009');
insert into `tsys_menu_role` (`role_code`, `menu_code`, `updater`, `update_datetime`, `remark`, `system_code`) values('DZTSR2017041310190267791','SM2017041314165042697','admin',now(),NULL,'CD-CDZT000009');


insert into `tsys_dict` (`system_code`, `type`, `parent_key`, `dkey`, `dvalue`, `updater`, `update_datetime`, `remark`) values('CD-CDZT000009','0',NULL,'user_status','用户状态','admin',now(),NULL);
insert into `tsys_dict` (`system_code`, `type`, `parent_key`, `dkey`, `dvalue`, `updater`, `update_datetime`, `remark`) values('CD-CDZT000009','1','user_status','0','正常','admin',now(),NULL);
insert into `tsys_dict` (`system_code`, `type`, `parent_key`, `dkey`, `dvalue`, `updater`, `update_datetime`, `remark`) values('CD-CDZT000009','1','user_status','1','程序锁定','admin',now(),NULL);
insert into `tsys_dict` (`system_code`, `type`, `parent_key`, `dkey`, `dvalue`, `updater`, `update_datetime`, `remark`) values('CD-CDZT000009','1','user_status','2','人工锁定','admin',now(),NULL);
insert into `tsys_dict` (`system_code`, `type`, `parent_key`, `dkey`, `dvalue`, `updater`, `update_datetime`, `remark`) values('CD-CDZT000009','0',NULL,'id_kind','证件类型','admin',now(),NULL);
insert into `tsys_dict` (`system_code`, `type`, `parent_key`, `dkey`, `dvalue`, `updater`, `update_datetime`, `remark`) values('CD-CDZT000009','1','id_kind','1','身份证','admin',now(),NULL);
insert into `tsys_dict` (`system_code`, `type`, `parent_key`, `dkey`, `dvalue`, `updater`, `update_datetime`, `remark`) values('CD-CDZT000009','0',NULL,'role_level','角色等级','admin',now(),NULL);
insert into `tsys_dict` (`system_code`, `type`, `parent_key`, `dkey`, `dvalue`, `updater`, `update_datetime`, `remark`) values('CD-CDZT000009','1','role_level','1','运维','admin',now(),NULL);
insert into `tsys_dict` (`system_code`, `type`, `parent_key`, `dkey`, `dvalue`, `updater`, `update_datetime`, `remark`) values('CD-CDZT000009','1','role_level','2','运营','admin',now(),NULL);
insert into `tsys_dict` (`system_code`, `type`, `parent_key`, `dkey`, `dvalue`, `updater`, `update_datetime`, `remark`) values('CD-CDZT000009','1','role_level','3','客户','admin',now(),NULL);
insert into `tsys_dict` (`system_code`, `type`, `parent_key`, `dkey`, `dvalue`, `updater`, `update_datetime`, `remark`) values('CD-CDZT000009','0',NULL,'res_type','资源类型','admin',now(),NULL);
insert into `tsys_dict` (`system_code`, `type`, `parent_key`, `dkey`, `dvalue`, `updater`, `update_datetime`, `remark`) values('CD-CDZT000009','1','res_type','1','菜单','admin',now(),NULL);
insert into `tsys_dict` (`system_code`, `type`, `parent_key`, `dkey`, `dvalue`, `updater`, `update_datetime`, `remark`) values('CD-CDZT000009','1','res_type','2','按钮','admin',now(),NULL);
insert into `tsys_dict` (`system_code`, `type`, `parent_key`, `dkey`, `dvalue`, `updater`, `update_datetime`, `remark`) values('CD-CDZT000009','0',NULL,'lock_direction','锁定方向','admin',now(),NULL);
insert into `tsys_dict` (`system_code`, `type`, `parent_key`, `dkey`, `dvalue`, `updater`, `update_datetime`, `remark`) values('CD-CDZT000009','1','lock_direction','1','锁定','admin',now(),NULL);
insert into `tsys_dict` (`system_code`, `type`, `parent_key`, `dkey`, `dvalue`, `updater`, `update_datetime`, `remark`) values('CD-CDZT000009','1','lock_direction','2','解锁','admin',now(),NULL);
insert into `tsys_dict` (`system_code`, `type`, `parent_key`, `dkey`, `dvalue`, `updater`, `update_datetime`, `remark`) values('CD-CDZT000009','0',NULL,'partner_status','合伙人状态','admin',now(),'');
insert into `tsys_dict` (`system_code`, `type`, `parent_key`, `dkey`, `dvalue`, `updater`, `update_datetime`, `remark`) values('CD-CDZT000009','1','partner_status','0','合伙中','admin',now(),'');
insert into `tsys_dict` (`system_code`, `type`, `parent_key`, `dkey`, `dvalue`, `updater`, `update_datetime`, `remark`) values('CD-CDZT000009','1','partner_status','2','已解散合伙','admin',now(),'');
insert into `tsys_dict` (`system_code`, `type`, `parent_key`, `dkey`, `dvalue`, `updater`, `update_datetime`, `remark`) values('CD-CDZT000009','0',NULL,'news_status','信息状态','admin',now(),NULL);
insert into `tsys_dict` (`system_code`, `type`, `parent_key`, `dkey`, `dvalue`, `updater`, `update_datetime`, `remark`) values('CD-CDZT000009','1','news_status','0','待发送','admin',now(),NULL);
insert into `tsys_dict` (`system_code`, `type`, `parent_key`, `dkey`, `dvalue`, `updater`, `update_datetime`, `remark`) values('CD-CDZT000009','1','news_status','1','已发送','admin',now(),NULL);
insert into `tsys_dict` (`system_code`, `type`, `parent_key`, `dkey`, `dvalue`, `updater`, `update_datetime`, `remark`) values('CD-CDZT000009','1','news_status','2','发送失败','admin',now(),NULL);
insert into `tsys_dict` (`system_code`, `type`, `parent_key`, `dkey`, `dvalue`, `updater`, `update_datetime`, `remark`) values('CD-CDZT000009','0',NULL,'user_kind','针对人群','admin',now(),NULL);
insert into `tsys_dict` (`system_code`, `type`, `parent_key`, `dkey`, `dvalue`, `updater`, `update_datetime`, `remark`) values('CD-CDZT000009','1','user_kind','1','C端用户','admin',now(),NULL);
insert into `tsys_dict` (`system_code`, `type`, `parent_key`, `dkey`, `dvalue`, `updater`, `update_datetime`, `remark`) values('CD-CDZT000009','1','user_kind','2','B端用户','admin',now(),NULL);
insert into `tsys_dict` (`system_code`, `type`, `parent_key`, `dkey`, `dvalue`, `updater`, `update_datetime`, `remark`) values('CD-CDZT000009','1','user_kind','3','平台用户','admin',now(),NULL);
insert into `tsys_dict` (`system_code`, `type`, `parent_key`, `dkey`, `dvalue`, `updater`, `update_datetime`, `remark`) values('CD-CDZT000009','0',NULL,'notice_status','公告状态','admin',now(),NULL);
insert into `tsys_dict` (`system_code`, `type`, `parent_key`, `dkey`, `dvalue`, `updater`, `update_datetime`, `remark`) values('CD-CDZT000009','1','notice_status','0','未发布','admin',now(),NULL);
insert into `tsys_dict` (`system_code`, `type`, `parent_key`, `dkey`, `dvalue`, `updater`, `update_datetime`, `remark`) values('CD-CDZT000009','1','notice_status','1','已发布','admin',now(),NULL);
insert into `tsys_dict` (`system_code`, `type`, `parent_key`, `dkey`, `dvalue`, `updater`, `update_datetime`, `remark`) values('CD-CDZT000009','1','notice_status','2','已下架','admin',now(),NULL);
insert into `tsys_dict` (`system_code`, `type`, `parent_key`, `dkey`, `dvalue`, `updater`, `update_datetime`, `remark`) values('CD-CDZT000009','0','','currency_type','币种状态','admin',now(),'');
insert into `tsys_dict` (`system_code`, `type`, `parent_key`, `dkey`, `dvalue`, `updater`, `update_datetime`, `remark`) values('CD-CDZT000009','1','currency_type','CNY','人民币','admin',now(),'');
insert into `tsys_dict` (`system_code`, `type`, `parent_key`, `dkey`, `dvalue`, `updater`, `update_datetime`, `remark`) values('CD-CDZT000009','1','currency_type','XNB','虚拟币','admin',now(),'');
insert into `tsys_dict` (`system_code`, `type`, `parent_key`, `dkey`, `dvalue`, `updater`, `update_datetime`, `remark`) values('CD-CDZT000009','0','','jour_status','流水状态','admin',now(),'');
insert into `tsys_dict` (`system_code`, `type`, `parent_key`, `dkey`, `dvalue`, `updater`, `update_datetime`, `remark`) values('CD-CDZT000009','1','jour_status','0','刚生成待回调','admin',now(),'');
insert into `tsys_dict` (`system_code`, `type`, `parent_key`, `dkey`, `dvalue`, `updater`, `update_datetime`, `remark`) values('CD-CDZT000009','1','jour_status','1','已回调通过待对账','admin',now(),'');
insert into `tsys_dict` (`system_code`, `type`, `parent_key`, `dkey`, `dvalue`, `updater`, `update_datetime`, `remark`) values('CD-CDZT000009','1','jour_status','2','回调不通过','admin',now(),'CD-CDZT000009');
insert into `tsys_dict` (`system_code`, `type`, `parent_key`, `dkey`, `dvalue`, `updater`, `update_datetime`, `remark`) values('CD-CDZT000009','1','jour_status','3','已对账且账不平','admin',now(),'');
insert into `tsys_dict` (`system_code`, `type`, `parent_key`, `dkey`, `dvalue`, `updater`, `update_datetime`, `remark`) values('CD-CDZT000009','1','jour_status','4','账不平待调账','admin',now(),'');
insert into `tsys_dict` (`system_code`, `type`, `parent_key`, `dkey`, `dvalue`, `updater`, `update_datetime`, `remark`) values('CD-CDZT000009','1','jour_status','5','已调账','admin',now(),'');
insert into `tsys_dict` (`system_code`, `type`, `parent_key`, `dkey`, `dvalue`, `updater`, `update_datetime`, `remark`) values('CD-CDZT000009','1','jour_status','9','无需对账','admin',now(),'');
insert into `tsys_dict` (`system_code`, `type`, `parent_key`, `dkey`, `dvalue`, `updater`, `update_datetime`, `remark`) values('CD-CDZT000009','1','jour_status','6','待审批','admin',now(),'');
insert into `tsys_dict` (`system_code`, `type`, `parent_key`, `dkey`, `dvalue`, `updater`, `update_datetime`, `remark`) values('CD-CDZT000009','1','jour_status','7','审批通过','admin',now(),'');
insert into `tsys_dict` (`system_code`, `type`, `parent_key`, `dkey`, `dvalue`, `updater`, `update_datetime`, `remark`) values('CD-CDZT000009','1','jour_status','8','审批不通过','admin',now(),'');
insert into `tsys_dict` (`system_code`, `type`, `parent_key`, `dkey`, `dvalue`, `updater`, `update_datetime`, `remark`) values('CD-CDZT000009','0','','channel_type','渠道类型','admin',now(),'');
insert into `tsys_dict` (`system_code`, `type`, `parent_key`, `dkey`, `dvalue`, `updater`, `update_datetime`, `remark`) values('CD-CDZT000009','1','channel_type','01','线下_橙账本','admin',now(),'');
insert into `tsys_dict` (`system_code`, `type`, `parent_key`, `dkey`, `dvalue`, `updater`, `update_datetime`, `remark`) values('CD-CDZT000009','1','channel_type','0','内部账','admin',now(),'');
insert into `tsys_dict` (`system_code`, `type`, `parent_key`, `dkey`, `dvalue`, `updater`, `update_datetime`, `remark`) values('CD-CDZT000009','1','channel_type','9','调账','admin',now(),'');
insert into `tsys_dict` (`system_code`, `type`, `parent_key`, `dkey`, `dvalue`, `updater`, `update_datetime`, `remark`) values('CD-CDZT000009','1','channel_type','10','轧账','admin',now(),'');
insert into `tsys_dict` (`system_code`, `type`, `parent_key`, `dkey`, `dvalue`, `updater`, `update_datetime`, `remark`) values('CD-CDZT000009','1','channel_type','1','币种兑换','admin',now(),'');
insert into `tsys_dict` (`system_code`, `type`, `parent_key`, `dkey`, `dvalue`, `updater`, `update_datetime`, `remark`) values('CD-CDZT000009','1','channel_type','35','微信公众号支付','admin',now(),'');
insert into `tsys_dict` (`system_code`, `type`, `parent_key`, `dkey`, `dvalue`, `updater`, `update_datetime`, `remark`) values('CD-CDZT000009','0','','biz_type','业务类型','admin',now(),'');
insert into `tsys_dict` (`system_code`, `type`, `parent_key`, `dkey`, `dvalue`, `updater`, `update_datetime`, `remark`) values('CD-CDZT000009','1','biz_type','01','注册送积分','admin',now(),'');
insert into `tsys_dict` (`system_code`, `type`, `parent_key`, `dkey`, `dvalue`, `updater`, `update_datetime`, `remark`) values('CD-CDZT000009','1','biz_type','02','每日签到送积分','admin',now(),'');
insert into `tsys_dict` (`system_code`, `type`, `parent_key`, `dkey`, `dvalue`, `updater`, `update_datetime`, `remark`) values('CD-CDZT000009','1','biz_type','11','充值','admin',now(),'');
insert into `tsys_dict` (`system_code`, `type`, `parent_key`, `dkey`, `dvalue`, `updater`, `update_datetime`, `remark`) values('CD-CDZT000009','1','biz_type','-11','取现','admin',now(),'');
insert into `tsys_dict` (`system_code`, `type`, `parent_key`, `dkey`, `dvalue`, `updater`, `update_datetime`, `remark`) values('CD-CDZT000009','1','biz_type','19','蓝补','admin',now(),'');
insert into `tsys_dict` (`system_code`, `type`, `parent_key`, `dkey`, `dvalue`, `updater`, `update_datetime`, `remark`) values('CD-CDZT000009','1','biz_type','-19','红冲','admin',now(),'');
insert into `tsys_dict` (`system_code`, `type`, `parent_key`, `dkey`, `dvalue`, `updater`, `update_datetime`, `remark`) values('CD-CDZT000009','1','biz_type','-30','购物','admin',now(),'');
insert into `tsys_dict` (`system_code`, `type`, `parent_key`, `dkey`, `dvalue`, `updater`, `update_datetime`, `remark`) values('CD-CDZT000009','1','biz_type','30','购物退款','admin',now(),'');
insert into `tsys_dict` (`system_code`, `type`, `parent_key`, `dkey`, `dvalue`, `updater`, `update_datetime`, `remark`) values('CD-CDZT000009','0','','account_status','用户/账户状态','admin',now(),NULL);
insert into `tsys_dict` (`system_code`, `type`, `parent_key`, `dkey`, `dvalue`, `updater`, `update_datetime`, `remark`) values('CD-CDZT000009','1','account_status','0','正常','admin',now(),NULL);
insert into `tsys_dict` (`system_code`, `type`, `parent_key`, `dkey`, `dvalue`, `updater`, `update_datetime`, `remark`) values('CD-CDZT000009','1','account_status','1','程序冻结','admin',now(),NULL);
insert into `tsys_dict` (`system_code`, `type`, `parent_key`, `dkey`, `dvalue`, `updater`, `update_datetime`, `remark`) values('CD-CDZT000009','1','account_status','2','人工冻结','admin',now(),NULL);
insert into `tsys_dict` (`system_code`, `type`, `parent_key`, `dkey`, `dvalue`, `updater`, `update_datetime`, `remark`) values('CD-CDZT000009','0','','product_parent','产品规格父菜单','admin',now(),'');
insert into `tsys_dict` (`system_code`, `type`, `parent_key`, `dkey`, `dvalue`, `updater`, `update_datetime`, `remark`) values('CD-CDZT000009','1','product_parent','12','面料','admin',now(),'');
insert into `tsys_dict` (`system_code`, `type`, `parent_key`, `dkey`, `dvalue`, `updater`, `update_datetime`, `remark`) values('CD-CDZT000009','1','product_parent','11','规格','admin',now(),'');
insert into `tsys_dict` (`system_code`, `type`, `parent_key`, `dkey`, `dvalue`, `updater`, `update_datetime`, `remark`) values('CD-CDZT000009','1','product_parent','13','领型','admin',now(),'');
insert into `tsys_dict` (`system_code`, `type`, `parent_key`, `dkey`, `dvalue`, `updater`, `update_datetime`, `remark`) values('CD-CDZT000009','1','product_parent','14','袖型','admin',now(),'');
insert into `tsys_dict` (`system_code`, `type`, `parent_key`, `dkey`, `dvalue`, `updater`, `update_datetime`, `remark`) values('CD-CDZT000009','1','product_parent','15','门襟','admin',now(),'');
insert into `tsys_dict` (`system_code`, `type`, `parent_key`, `dkey`, `dvalue`, `updater`, `update_datetime`, `remark`) values('CD-CDZT000009','1','product_parent','16','下摆','admin',now(),'');
insert into `tsys_dict` (`system_code`, `type`, `parent_key`, `dkey`, `dvalue`, `updater`, `update_datetime`, `remark`) values('CD-CDZT000009','1','product_parent','17','收省','admin',now(),'');
insert into `tsys_dict` (`system_code`, `type`, `parent_key`, `dkey`, `dvalue`, `updater`, `update_datetime`, `remark`) values('CD-CDZT000009','1','product_parent','18','领口颜色','admin',now(),'');
insert into `tsys_dict` (`system_code`, `type`, `parent_key`, `dkey`, `dvalue`, `updater`, `update_datetime`, `remark`) values('CD-CDZT000009','1','product_parent','20','纽扣','admin',now(),'');
insert into `tsys_dict` (`system_code`, `type`, `parent_key`, `dkey`, `dvalue`, `updater`, `update_datetime`, `remark`) values('CD-CDZT000009','1','product_parent','21','纽扣颜色','admin',now(),'');
insert into `tsys_dict` (`system_code`, `type`, `parent_key`, `dkey`, `dvalue`, `updater`, `update_datetime`, `remark`) values('CD-CDZT000009','0','','order_status','订单状态','admin',now(),'');
insert into `tsys_dict` (`system_code`, `type`, `parent_key`, `dkey`, `dvalue`, `updater`, `update_datetime`, `remark`) values('CD-CDZT000009','1','order_status','1','待量体','admin',now(),'');
insert into `tsys_dict` (`system_code`, `type`, `parent_key`, `dkey`, `dvalue`, `updater`, `update_datetime`, `remark`) values('CD-CDZT000009','1','order_status','2','已定价','admin',now(),'');
insert into `tsys_dict` (`system_code`, `type`, `parent_key`, `dkey`, `dvalue`, `updater`, `update_datetime`, `remark`) values('CD-CDZT000009','1','order_status','3','已支付','admin',now(),'');
insert into `tsys_dict` (`system_code`, `type`, `parent_key`, `dkey`, `dvalue`, `updater`, `update_datetime`, `remark`) values('CD-CDZT000009','1','order_status','4','待复核','admin',now(),'');
insert into `tsys_dict` (`system_code`, `type`, `parent_key`, `dkey`, `dvalue`, `updater`, `update_datetime`, `remark`) values('CD-CDZT000009','1','order_status','5','待生产','admin',now(),'');
insert into `tsys_dict` (`system_code`, `type`, `parent_key`, `dkey`, `dvalue`, `updater`, `update_datetime`, `remark`) values('CD-CDZT000009','1','order_status','6','生产中','admin',now(),'');
insert into `tsys_dict` (`system_code`, `type`, `parent_key`, `dkey`, `dvalue`, `updater`, `update_datetime`, `remark`) values('CD-CDZT000009','1','order_status','7','已发货','admin',now(),'');
insert into `tsys_dict` (`system_code`, `type`, `parent_key`, `dkey`, `dvalue`, `updater`, `update_datetime`, `remark`) values('CD-CDZT000009','1','order_status','8','已收货','admin',now(),'');
insert into `tsys_dict` (`system_code`, `type`, `parent_key`, `dkey`, `dvalue`, `updater`, `update_datetime`, `remark`) values('CD-CDZT000009','1','order_status','9','取消订单','admin',now(),'');
insert into `tsys_dict` (`system_code`, `type`, `parent_key`, `dkey`, `dvalue`, `updater`, `update_datetime`, `remark`) values('CD-CDZT000009','0','','wl_company','物流公司','admin',now(),'');
insert into `tsys_dict` (`system_code`, `type`, `parent_key`, `dkey`, `dvalue`, `updater`, `update_datetime`, `remark`) values('CD-CDZT000009','1','wl_company','EMS','邮政EMS','admin',now(),'');
insert into `tsys_dict` (`system_code`, `type`, `parent_key`, `dkey`, `dvalue`, `updater`, `update_datetime`, `remark`) values('CD-CDZT000009','1','wl_company','STO','申通快递','admin',now(),'');
insert into `tsys_dict` (`system_code`, `type`, `parent_key`, `dkey`, `dvalue`, `updater`, `update_datetime`, `remark`) values('CD-CDZT000009','1','wl_company','ZTO','中通快递','admin',now(),'');
insert into `tsys_dict` (`system_code`, `type`, `parent_key`, `dkey`, `dvalue`, `updater`, `update_datetime`, `remark`) values('CD-CDZT000009','1','wl_company','YTO','圆通快递','admin',now(),'');
insert into `tsys_dict` (`system_code`, `type`, `parent_key`, `dkey`, `dvalue`, `updater`, `update_datetime`, `remark`) values('CD-CDZT000009','1','wl_company','HTKY','汇通快递','admin',now(),'');
insert into `tsys_dict` (`system_code`, `type`, `parent_key`, `dkey`, `dvalue`, `updater`, `update_datetime`, `remark`) values('CD-CDZT000009','1','wl_company','ZJS','宅急送','admin',now(),'');
insert into `tsys_dict` (`system_code`, `type`, `parent_key`, `dkey`, `dvalue`, `updater`, `update_datetime`, `remark`) values('CD-CDZT000009','1','wl_company','SF','顺丰快递','admin',now(),'');
insert into `tsys_dict` (`system_code`, `type`, `parent_key`, `dkey`, `dvalue`, `updater`, `update_datetime`, `remark`) values('CD-CDZT000009','1','wl_company','TTKD','天天快递','admin',now(),'');
insert into `tsys_dict` (`system_code`, `type`, `parent_key`, `dkey`, `dvalue`, `updater`, `update_datetime`, `remark`) values('CD-CDZT000009','0','','m_type','型号参数','admin',now(),'');
insert into `tsys_dict` (`system_code`, `type`, `parent_key`, `dkey`, `dvalue`, `updater`, `update_datetime`, `remark`) values('CD-CDZT000009','1','m_type','1','80支棉','admin',now(),'');
insert into `tsys_dict` (`system_code`, `type`, `parent_key`, `dkey`, `dvalue`, `updater`, `update_datetime`, `remark`) values('CD-CDZT000009','1','m_type','2','100支棉','admin',now(),'');
insert into `tsys_dict` (`system_code`, `type`, `parent_key`, `dkey`, `dvalue`, `updater`, `update_datetime`, `remark`) values('CD-CDZT000009','1','m_type','3','棉真丝','admin',now(),'');
insert into `tsys_dict` (`system_code`, `type`, `parent_key`, `dkey`, `dvalue`, `updater`, `update_datetime`, `remark`) values('CD-CDZT000009','1','m_type','4','棉弹力','admin',now(),'');
